Paper,PDF Path,Source URL,Source,License,Redistribution Allowed,Evidence URL,Git Track,Notes
02_Papers/01_VLA/3D-VLA.md,00_Paper_Pool/PDFs/01_VLA/3D-VLA.pdf,https://proceedings.neurips.cc/paper_files/paper/2023/file/413885e70482b95dcbeeddc1daf39177-Paper-Conference.pdf,Conference OA,Unconfirmed,Unknown,,No,公开可读不等于允许再分发；PDF 仅本地保存。
02_Papers/01_VLA/Actions_as_Language.md,00_Paper_Pool/PDFs/01_VLA/Actions_as_Language.pdf,https://proceedings.iclr.cc/paper_files/paper/2026/file/7a0f8055c838df8e62329a76c7c6403d-Paper-Conference.pdf,Conference OA,Unconfirmed,Unknown,,No,公开可读不等于允许再分发；PDF 仅本地保存。
02_Papers/01_VLA/BridgeVLA.md,00_Paper_Pool/PDFs/01_VLA/BridgeVLA.pdf,https://proceedings.neurips.cc/paper_files/paper/2025/file/5c1a8aa04c1a2cf5013f28831870dafa-Paper-Conference.pdf,Conference OA,Unconfirmed,Unknown,,No,公开可读不等于允许再分发；PDF 仅本地保存。
02_Papers/01_VLA/CoT-VLA.md,00_Paper_Pool/PDFs/01_VLA/CoT-VLA.pdf,https://openaccess.thecvf.com/content/CVPR2025/papers/Zhao_CoT-VLA_Visual_Chain-of-Thought_Reasoning_for_Vision-Language-Action_Models_CVPR_2025_paper.pdf,Conference OA,Unconfirmed,Unknown,https://openaccess.thecvf.com/,No,CVF 开放阅读页声明版权和限制仍归权利人；未确认本 PDF 可再次托管。
02_Papers/01_VLA/DiffusionVLA.md,00_Paper_Pool/PDFs/01_VLA/DiffusionVLA.pdf,https://raw.githubusercontent.com/mlresearch/v267/main/assets/wen25g/wen25g.pdf,Conference OA,Unconfirmed,Unknown,https://raw.githubusercontent.com/mlresearch/v267/main/assets/wen25g/wen25g.pdf,No,仓库中可下载 PDF 不等于论文 PDF 本体采用代码仓库许可；未确认再分发授权。
02_Papers/01_VLA/MoManipVLA.md,00_Paper_Pool/PDFs/01_VLA/MoManipVLA.pdf,https://openaccess.thecvf.com/content/CVPR2025/papers/Wu_MoManipVLA_Transferring_Vision-language-action_Models_for_General_Mobile_Manipulation_CVPR_2025_paper.pdf,Conference OA,Unconfirmed,Unknown,https://openaccess.thecvf.com/,No,CVF 开放阅读页声明版权和限制仍归权利人；未确认本 PDF 可再次托管。
02_Papers/01_VLA/Octo.md,00_Paper_Pool/PDFs/01_VLA/Octo.pdf,https://roboticsproceedings.org/rss20/p090.pdf,Conference OA,Unconfirmed,Unknown,,No,公开可读不等于允许再分发；PDF 仅本地保存。
02_Papers/01_VLA/OpenVLA.md,00_Paper_Pool/PDFs/01_VLA/OpenVLA.pdf,https://raw.githubusercontent.com/mlresearch/v270/main/assets/kim25c/kim25c.pdf,Conference OA,Unconfirmed,Unknown,https://raw.githubusercontent.com/mlresearch/v270/main/assets/kim25c/kim25c.pdf,No,仓库中可下载 PDF 不等于论文 PDF 本体采用代码仓库许可；未确认再分发授权。
02_Papers/01_VLA/ReconVLA.md,00_Paper_Pool/PDFs/01_VLA/ReconVLA.pdf,https://ojs.aaai.org/index.php/AAAI/article/download/38921/42883,Conference OA,Unconfirmed,Unknown,https://ojs.aaai.org/index.php/AAAI/article/download/38921/42883,No,AAAI 官方 PDF 可读，但未确认此 PDF 的开放再分发许可。
02_Papers/01_VLA/RoboGround.md,00_Paper_Pool/PDFs/01_VLA/RoboGround.pdf,https://openaccess.thecvf.com/content/CVPR2025/papers/Huang_RoboGround_Robotic_Manipulation_with_Grounded_Vision-Language_Priors_CVPR_2025_paper.pdf,Conference OA,Unconfirmed,Unknown,https://openaccess.thecvf.com/,No,CVF 开放阅读页声明版权和限制仍归权利人；未确认本 PDF 可再次托管。
02_Papers/01_VLA/RoboMamba.md,00_Paper_Pool/PDFs/01_VLA/RoboMamba.pdf,https://proceedings.neurips.cc/paper_files/paper/2024/file/46a126492ea6fb87410e55a58df2e189-Paper-Conference.pdf,Conference OA,Unconfirmed,Unknown,,No,公开可读不等于允许再分发；PDF 仅本地保存。
02_Papers/01_VLA/RoboMonkey.md,00_Paper_Pool/PDFs/01_VLA/RoboMonkey.pdf,https://raw.githubusercontent.com/mlresearch/v305/main/assets/kwok25a/kwok25a.pdf,Conference OA,Unconfirmed,Unknown,https://raw.githubusercontent.com/mlresearch/v305/main/assets/kwok25a/kwok25a.pdf,No,仓库中可下载 PDF 不等于论文 PDF 本体采用代码仓库许可；未确认再分发授权。
02_Papers/01_VLA/SayCan.md,00_Paper_Pool/PDFs/01_VLA/SayCan.pdf,https://arxiv.org/pdf/2204.01691,arXiv,arXiv non-exclusive distribution,Unknown,https://arxiv.org/abs/2204.01691,No,作者授予 arXiv 分发权限，不等于授予第三方再托管权限。
02_Papers/01_VLA/SimpleVLA-RL.md,00_Paper_Pool/PDFs/01_VLA/SimpleVLA-RL.pdf,https://proceedings.iclr.cc/paper_files/paper/2026/file/cbfbcb4da14235bd69b134070898ae9d-Paper-Conference.pdf,Conference OA,Unconfirmed,Unknown,,No,公开可读不等于允许再分发；PDF 仅本地保存。
02_Papers/01_VLA/SP-VLA.md,00_Paper_Pool/PDFs/01_VLA/SP-VLA.pdf,https://proceedings.iclr.cc/paper_files/paper/2026/file/4072543747a14bbed76284cf2c04b9e9-Paper-Conference.pdf,Conference OA,Unconfirmed,Unknown,,No,公开可读不等于允许再分发；PDF 仅本地保存。
02_Papers/01_VLA/SpatialVLA.md,00_Paper_Pool/PDFs/01_VLA/SpatialVLA.pdf,https://www.roboticsproceedings.org/rss21/p011.pdf,Conference OA,Unconfirmed,Unknown,,No,公开可读不等于允许再分发；PDF 仅本地保存。
02_Papers/01_VLA/TraceVLA.md,00_Paper_Pool/PDFs/01_VLA/TraceVLA.pdf,https://proceedings.iclr.cc/paper_files/paper/2025/file/8667f264f88c7938a73a53ab01eb1327-Paper-Conference.pdf,Conference OA,Unconfirmed,Unknown,,No,公开可读不等于允许再分发；PDF 仅本地保存。
02_Papers/01_VLA/VideoVLA.md,00_Paper_Pool/PDFs/01_VLA/VideoVLA.pdf,https://proceedings.neurips.cc/paper_files/paper/2025/file/89a3b655a8b68ae1c76b768152c9c19d-Paper-Conference.pdf,Conference OA,Unconfirmed,Unknown,,No,公开可读不等于允许再分发；PDF 仅本地保存。
02_Papers/01_VLA/VLA-Cache.md,00_Paper_Pool/PDFs/01_VLA/VLA-Cache.pdf,https://proceedings.neurips.cc/paper_files/paper/2025/file/f062da1973ac9ac61fc6d44dd7fa309f-Paper-Conference.pdf,Conference OA,Unconfirmed,Unknown,,No,公开可读不等于允许再分发；PDF 仅本地保存。
02_Papers/02_Robot_Manipulation/Dreamitate.md,00_Paper_Pool/PDFs/02_Robot_Manipulation/Dreamitate.pdf,https://raw.githubusercontent.com/mlresearch/v270/main/assets/liang25b/liang25b.pdf,Conference OA,Unconfirmed,Unknown,https://raw.githubusercontent.com/mlresearch/v270/main/assets/liang25b/liang25b.pdf,No,仓库中可下载 PDF 不等于论文 PDF 本体采用代码仓库许可；未确认再分发授权。
02_Papers/02_Robot_Manipulation/ManipLLM.md,00_Paper_Pool/PDFs/02_Robot_Manipulation/ManipLLM.pdf,https://openaccess.thecvf.com/content/CVPR2024/papers/Li_ManipLLM_Embodied_Multimodal_Large_Language_Model_for_Object-Centric_Robotic_Manipulation_CVPR_2024_paper.pdf,Conference OA,Unconfirmed,Unknown,https://openaccess.thecvf.com/,No,CVF 开放阅读页声明版权和限制仍归权利人；未确认本 PDF 可再次托管。
02_Papers/02_Robot_Manipulation/RobotSmith.md,00_Paper_Pool/PDFs/02_Robot_Manipulation/RobotSmith.pdf,https://proceedings.neurips.cc/paper_files/paper/2025/file/9fc291fef2f9607a46777d367f900a15-Paper-Conference.pdf,Conference OA,Unconfirmed,Unknown,,No,公开可读不等于允许再分发；PDF 仅本地保存。
02_Papers/02_Robot_Manipulation/SPIN.md,00_Paper_Pool/PDFs/02_Robot_Manipulation/SPIN.pdf,https://openaccess.thecvf.com/content/CVPR2024/papers/Uppal_SPIN_Simultaneous_Perception_Interaction_and_Navigation_CVPR_2024_paper.pdf,Conference OA,Unconfirmed,Unknown,https://openaccess.thecvf.com/,No,CVF 开放阅读页声明版权和限制仍归权利人；未确认本 PDF 可再次托管。
02_Papers/02_Robot_Manipulation/VidMan.md,00_Paper_Pool/PDFs/02_Robot_Manipulation/VidMan.pdf,https://proceedings.neurips.cc/paper_files/paper/2024/file/481c70828a4ff20d31a646cc6cc95f3d-Paper-Conference.pdf,Conference OA,Unconfirmed,Unknown,,No,公开可读不等于允许再分发；PDF 仅本地保存。
02_Papers/03_Bimanual/2HandedAfforder.md,00_Paper_Pool/PDFs/03_Bimanual/2HandedAfforder.pdf,https://openaccess.thecvf.com/content/ICCV2025/papers/Heidinger_2HandedAfforder_Learning_Precise_Actionable_Bimanual_Affordances_from_Human_Videos_ICCV_2025_paper.pdf,Conference OA,Unconfirmed,Unknown,https://openaccess.thecvf.com/,No,CVF 开放阅读页声明版权和限制仍归权利人；未确认本 PDF 可再次托管。
02_Papers/03_Bimanual/ALOHA_Unleashed.md,00_Paper_Pool/PDFs/03_Bimanual/ALOHA_Unleashed.pdf,https://raw.githubusercontent.com/mlresearch/v270/main/assets/zhao25b/zhao25b.pdf,Conference OA,Unconfirmed,Unknown,https://raw.githubusercontent.com/mlresearch/v270/main/assets/zhao25b/zhao25b.pdf,No,仓库中可下载 PDF 不等于论文 PDF 本体采用代码仓库许可；未确认再分发授权。
02_Papers/03_Bimanual/AnyBimanual.md,00_Paper_Pool/PDFs/03_Bimanual/AnyBimanual.pdf,https://openaccess.thecvf.com/content/ICCV2025/papers/Lu_AnyBimanual_Transferring_Unimanual_Policy_for_General_Bimanual_Manipulation_ICCV_2025_paper.pdf,Conference OA,Unconfirmed,Unknown,https://openaccess.thecvf.com/,No,CVF 开放阅读页声明版权和限制仍归权利人；未确认本 PDF 可再次托管。
02_Papers/03_Bimanual/BimArt.md,00_Paper_Pool/PDFs/03_Bimanual/BimArt.pdf,https://openaccess.thecvf.com/content/CVPR2025/papers/Zhang_BimArt_A_Unified_Approach_for_the_Synthesis_of_3D_Bimanual_CVPR_2025_paper.pdf,Conference OA,Unconfirmed,Unknown,https://openaccess.thecvf.com/,No,CVF 开放阅读页声明版权和限制仍归权利人；未确认本 PDF 可再次托管。
02_Papers/03_Bimanual/COMBO-Grasp.md,00_Paper_Pool/PDFs/03_Bimanual/COMBO-Grasp.pdf,https://raw.githubusercontent.com/mlresearch/v305/main/assets/yamada25a/yamada25a.pdf,Conference OA,Unconfirmed,Unknown,https://raw.githubusercontent.com/mlresearch/v305/main/assets/yamada25a/yamada25a.pdf,No,仓库中可下载 PDF 不等于论文 PDF 本体采用代码仓库许可；未确认再分发授权。
02_Papers/03_Bimanual/Constrained_Bimanual_Planning.md,00_Paper_Pool/PDFs/03_Bimanual/Constrained_Bimanual_Planning.pdf,https://arxiv.org/pdf/2309.08770,arXiv,CC BY 4.0,Yes,https://arxiv.org/abs/2309.08770,Yes,arXiv 摘要页标注 CC BY 4.0；转载应保留作者、来源和许可归属。
02_Papers/03_Bimanual/Diffusion-Based_Imaginative_Coordination_for_Bimanual_Manipulation.md,00_Paper_Pool/PDFs/03_Bimanual/Diffusion-Based_Imaginative_Coordination_for_Bimanual_Manipulation.pdf,https://openaccess.thecvf.com/content/ICCV2025/papers/Xu_Diffusion-Based_Imaginative_Coordination_for_Bimanual_Manipulation_ICCV_2025_paper.pdf,Conference OA,Unconfirmed,Unknown,https://openaccess.thecvf.com/,No,CVF 开放阅读页声明版权和限制仍归权利人；未确认本 PDF 可再次托管。
02_Papers/03_Bimanual/Forecasting_Bimanual_Object_Manipulation_Sequences_from_Unimanual_Observations.md,00_Paper_Pool/PDFs/03_Bimanual/Forecasting_Bimanual_Object_Manipulation_Sequences_from_Unimanual_Observations.pdf,https://ojs.aaai.org/index.php/AAAI/article/download/28266/28523,Conference OA,Unconfirmed,Unknown,https://ojs.aaai.org/index.php/AAAI/article/download/28266/28523,No,AAAI 官方 PDF 可读，但未确认此 PDF 的开放再分发许可。
02_Papers/03_Bimanual/HumanoidGen.md,00_Paper_Pool/PDFs/03_Bimanual/HumanoidGen.pdf,https://proceedings.neurips.cc/paper_files/paper/2025/file/e4ef7454447baa15a424314e6284441b-Paper-Conference.pdf,Conference OA,Unconfirmed,Unknown,,No,公开可读不等于允许再分发；PDF 仅本地保存。
02_Papers/03_Bimanual/Learning_Diverse_Bimanual_Dexterous_Manipulation_Skills_from_Human_Demonstrations.md,00_Paper_Pool/PDFs/03_Bimanual/Learning_Diverse_Bimanual_Dexterous_Manipulation_Skills_from_Human_Demonstrations.pdf,https://ojs.aaai.org/index.php/AAAI/article/download/40127/44088,Conference OA,Unconfirmed,Unknown,https://ojs.aaai.org/index.php/AAAI/article/download/40127/44088,No,AAAI 官方 PDF 可读，但未确认此 PDF 的开放再分发许可。
02_Papers/03_Bimanual/ManipTrans.md,00_Paper_Pool/PDFs/03_Bimanual/ManipTrans.pdf,https://openaccess.thecvf.com/content/CVPR2025/papers/Li_ManipTrans_Efficient_Dexterous_Bimanual_Manipulation_Transfer_via_Residual_Learning_CVPR_2025_paper.pdf,Conference OA,Unconfirmed,Unknown,https://openaccess.thecvf.com/,No,CVF 开放阅读页声明版权和限制仍归权利人；未确认本 PDF 可再次托管。
02_Papers/03_Bimanual/Mobile_ALOHA.md,00_Paper_Pool/PDFs/03_Bimanual/Mobile_ALOHA.pdf,https://raw.githubusercontent.com/mlresearch/v270/main/assets/fu25b/fu25b.pdf,Conference OA,Unconfirmed,Unknown,https://raw.githubusercontent.com/mlresearch/v270/main/assets/fu25b/fu25b.pdf,No,仓库中可下载 PDF 不等于论文 PDF 本体采用代码仓库许可；未确认再分发授权。
02_Papers/03_Bimanual/PPI_Bimanual.md,00_Paper_Pool/PDFs/03_Bimanual/PPI_Bimanual.pdf,https://www.roboticsproceedings.org/rss21/p160.pdf,Conference OA,Unconfirmed,Unknown,,No,公开可读不等于允许再分发；PDF 仅本地保存。
02_Papers/03_Bimanual/RDT-1B.md,00_Paper_Pool/PDFs/03_Bimanual/RDT-1B.pdf,https://proceedings.iclr.cc/paper_files/paper/2025/file/49f80e4d2471ad4f2edf4f5f1ab62339-Paper-Conference.pdf,Conference OA,Unconfirmed,Unknown,,No,公开可读不等于允许再分发；PDF 仅本地保存。
02_Papers/03_Bimanual/Reactive_Multiarm_Coordination.md,,https://ieeexplore.ieee.org/document/10758213/,,Unconfirmed,Unknown,,No,未取得可验证、可合法下载的论文 PDF。
02_Papers/03_Bimanual/Rethinking_Bimanual_Robotic_Manipulation_Learning_with_Decoupled_Interaction_Framework.md,00_Paper_Pool/PDFs/03_Bimanual/Rethinking_Bimanual_Robotic_Manipulation_Learning_with_Decoupled_Interaction_Framework.pdf,https://openaccess.thecvf.com/content/ICCV2025/papers/Jiang_Rethinking_Bimanual_Robotic_Manipulation_Learning_with_Decoupled_Interaction_Framework_ICCV_2025_paper.pdf,Conference OA,Unconfirmed,Unknown,https://openaccess.thecvf.com/,No,CVF 开放阅读页声明版权和限制仍归权利人；未确认本 PDF 可再次托管。
02_Papers/03_Bimanual/SafeBimanual.md,00_Paper_Pool/PDFs/03_Bimanual/SafeBimanual.pdf,https://raw.githubusercontent.com/mlresearch/v305/main/assets/deng25c/deng25c.pdf,Conference OA,Unconfirmed,Unknown,https://raw.githubusercontent.com/mlresearch/v305/main/assets/deng25c/deng25c.pdf,No,仓库中可下载 PDF 不等于论文 PDF 本体采用代码仓库许可；未确认再分发授权。
02_Papers/03_Bimanual/TwinVLA.md,00_Paper_Pool/PDFs/03_Bimanual/TwinVLA.pdf,https://proceedings.iclr.cc/paper_files/paper/2026/file/65475a59e2a2cb707c9462e8a308e980-Paper-Conference.pdf,Conference OA,Unconfirmed,Unknown,,No,公开可读不等于允许再分发；PDF 仅本地保存。
02_Papers/03_Bimanual/VoxAct-B.md,00_Paper_Pool/PDFs/03_Bimanual/VoxAct-B.pdf,https://raw.githubusercontent.com/mlresearch/v270/main/assets/liu25i/liu25i.pdf,Conference OA,Unconfirmed,Unknown,https://raw.githubusercontent.com/mlresearch/v270/main/assets/liu25i/liu25i.pdf,No,仓库中可下载 PDF 不等于论文 PDF 本体采用代码仓库许可；未确认再分发授权。
02_Papers/03_Bimanual/YOTO.md,00_Paper_Pool/PDFs/03_Bimanual/YOTO.pdf,https://www.roboticsproceedings.org/rss21/p149.pdf,Conference OA,Unconfirmed,Unknown,,No,公开可读不等于允许再分发；PDF 仅本地保存。
02_Papers/04_Dexterous/Cross-Embodiment_Dexterous_Grasping_with_Reinforcement_Learning.md,00_Paper_Pool/PDFs/04_Dexterous/Cross-Embodiment_Dexterous_Grasping_with_Reinforcement_Learning.pdf,https://proceedings.iclr.cc/paper_files/paper/2025/file/ca8c6f28d8ba1e732e3f217ab05c4ec0-Paper-Conference.pdf,Conference OA,Unconfirmed,Unknown,,No,公开可读不等于允许再分发；PDF 仅本地保存。
02_Papers/04_Dexterous/DexHandDiff.md,00_Paper_Pool/PDFs/04_Dexterous/DexHandDiff.pdf,https://openaccess.thecvf.com/content/CVPR2025/papers/Liang_DexHandDiff_Interaction-aware_Diffusion_Planning_for_Adaptive_Dexterous_Manipulation_CVPR_2025_paper.pdf,Conference OA,Unconfirmed,Unknown,https://openaccess.thecvf.com/,No,CVF 开放阅读页声明版权和限制仍归权利人；未确认本 PDF 可再次托管。
02_Papers/04_Dexterous/DextER.md,00_Paper_Pool/PDFs/04_Dexterous/DextER.pdf,https://openaccess.thecvf.com/content/CVPR2026/papers/Lee_DextER_Language-driven_Dexterous_Grasp_Generation_with_Embodied_Reasoning_CVPR_2026_paper.pdf,Conference OA,Unconfirmed,Unknown,https://openaccess.thecvf.com/,No,CVF 开放阅读页声明版权和限制仍归权利人；未确认本 PDF 可再次托管。
02_Papers/04_Dexterous/Dexterous_Grasp_Transformer.md,00_Paper_Pool/PDFs/04_Dexterous/Dexterous_Grasp_Transformer.pdf,https://openaccess.thecvf.com/content/CVPR2024/papers/Xu_Dexterous_Grasp_Transformer_CVPR_2024_paper.pdf,Conference OA,Unconfirmed,Unknown,https://openaccess.thecvf.com/,No,CVF 开放阅读页声明版权和限制仍归权利人；未确认本 PDF 可再次托管。
02_Papers/04_Dexterous/Dexterous_Manipulation_Transfer_via_Progressive_Kinematic-Dynamic_Alignment.md,00_Paper_Pool/PDFs/04_Dexterous/Dexterous_Manipulation_Transfer_via_Progressive_Kinematic-Dynamic_Alignment.pdf,https://ojs.aaai.org/index.php/AAAI/article/download/38874/42836,Conference OA,Unconfirmed,Unknown,https://ojs.aaai.org/index.php/AAAI/article/download/38874/42836,No,AAAI 官方 PDF 可读，但未确认此 PDF 的开放再分发许可。
02_Papers/04_Dexterous/DexTrack.md,00_Paper_Pool/PDFs/04_Dexterous/DexTrack.pdf,https://proceedings.iclr.cc/paper_files/paper/2025/file/d5a1f97d2b922da92e880d13b7d2bf02-Paper-Conference.pdf,Conference OA,Unconfirmed,Unknown,,No,公开可读不等于允许再分发；PDF 仅本地保存。
02_Papers/04_Dexterous/DexUMI.md,00_Paper_Pool/PDFs/04_Dexterous/DexUMI.pdf,https://raw.githubusercontent.com/mlresearch/v305/main/assets/xu25a/xu25a.pdf,Conference OA,Unconfirmed,Unknown,https://raw.githubusercontent.com/mlresearch/v305/main/assets/xu25a/xu25a.pdf,No,仓库中可下载 PDF 不等于论文 PDF 本体采用代码仓库许可；未确认再分发授权。
02_Papers/04_Dexterous/DexVLG.md,00_Paper_Pool/PDFs/04_Dexterous/DexVLG.pdf,https://openaccess.thecvf.com/content/ICCV2025/papers/He_DexVLG_Dexterous_Vision-Language-Grasp_Model_at_Scale_ICCV_2025_paper.pdf,Conference OA,Unconfirmed,Unknown,https://openaccess.thecvf.com/,No,CVF 开放阅读页声明版权和限制仍归权利人；未确认本 PDF 可再次托管。
02_Papers/04_Dexterous/LatentHOI.md,00_Paper_Pool/PDFs/04_Dexterous/LatentHOI.pdf,https://openaccess.thecvf.com/content/CVPR2025/papers/Li_LatentHOI_On_the_Generalizable_Hand_Object_Motion_Generation_with_Latent_CVPR_2025_paper.pdf,Conference OA,Unconfirmed,Unknown,https://openaccess.thecvf.com/,No,CVF 开放阅读页声明版权和限制仍归权利人；未确认本 PDF 可再次托管。
02_Papers/04_Dexterous/Learning_Object-Centric_Motion_Priors_from_Human_for_Robotic_Dexterous_Manipulation.md,00_Paper_Pool/PDFs/04_Dexterous/Learning_Object-Centric_Motion_Priors_from_Human_for_Robotic_Dexterous_Manipulation.pdf,https://ojs.aaai.org/index.php/AAAI/article/download/38892/42854,Conference OA,Unconfirmed,Unknown,https://ojs.aaai.org/index.php/AAAI/article/download/38892/42854,No,AAAI 官方 PDF 可读，但未确认此 PDF 的开放再分发许可。
02_Papers/04_Dexterous/Scaffolding_Dexterous_Manipulation_with_Vision-Language_Models.md,00_Paper_Pool/PDFs/04_Dexterous/Scaffolding_Dexterous_Manipulation_with_Vision-Language_Models.pdf,https://proceedings.neurips.cc/paper_files/paper/2025/file/862644b156e51c35dea5a7446d640b14-Paper-Conference.pdf,Conference OA,Unconfirmed,Unknown,,No,公开可读不等于允许再分发；PDF 仅本地保存。
02_Papers/04_Dexterous/State_Action_Transferability.md,,https://ieeexplore.ieee.org/document/10955245/,,Unconfirmed,Unknown,,No,未取得可验证、可合法下载的论文 PDF。
02_Papers/04_Dexterous/Towards_Affordance-Aware_Robotic_Dexterous_Grasping_with_Human-like_Priors.md,00_Paper_Pool/PDFs/04_Dexterous/Towards_Affordance-Aware_Robotic_Dexterous_Grasping_with_Human-like_Priors.pdf,https://ojs.aaai.org/index.php/AAAI/article/download/38313/42275,Conference OA,Unconfirmed,Unknown,https://ojs.aaai.org/index.php/AAAI/article/download/38313/42275,No,AAAI 官方 PDF 可读，但未确认此 PDF 的开放再分发许可。
02_Papers/04_Dexterous/UniDex.md,00_Paper_Pool/PDFs/04_Dexterous/UniDex.pdf,https://openaccess.thecvf.com/content/CVPR2026/papers/Zhang_UniDex_A_Robot_Foundation_Suite_for_Universal_Dexterous_Hand_Control_CVPR_2026_paper.pdf,Conference OA,Unconfirmed,Unknown,https://openaccess.thecvf.com/,No,CVF 开放阅读页声明版权和限制仍归权利人；未确认本 PDF 可再次托管。
02_Papers/04_Dexterous/UniGraspTransformer.md,00_Paper_Pool/PDFs/04_Dexterous/UniGraspTransformer.pdf,https://openaccess.thecvf.com/content/CVPR2025/papers/Wang_UniGraspTransformer_Simplified_Policy_Distillation_for_Scalable_Dexterous_Robotic_Grasping_CVPR_2025_paper.pdf,Conference OA,Unconfirmed,Unknown,https://openaccess.thecvf.com/,No,CVF 开放阅读页声明版权和限制仍归权利人；未确认本 PDF 可再次托管。
02_Papers/05_Sim2Real/Generalizable_Domain_Adaptation_for_Sim-and-Real_Policy_Co-Training.md,00_Paper_Pool/PDFs/05_Sim2Real/Generalizable_Domain_Adaptation_for_Sim-and-Real_Policy_Co-Training.pdf,https://proceedings.neurips.cc/paper_files/paper/2025/file/1185c89347a3f21ffc48c9d083c9437c-Paper-Conference.pdf,Conference OA,Unconfirmed,Unknown,,No,公开可读不等于允许再分发；PDF 仅本地保存。
02_Papers/05_Sim2Real/Rapidly_Adapting_Policies_to_the_Real-World_via_Simulation-Guided_Fine-Tuning.md,00_Paper_Pool/PDFs/05_Sim2Real/Rapidly_Adapting_Policies_to_the_Real-World_via_Simulation-Guided_Fine-Tuning.pdf,https://proceedings.iclr.cc/paper_files/paper/2025/file/e68274fc4f158dbcbd4dddc672f7ee9c-Paper-Conference.pdf,Conference OA,Unconfirmed,Unknown,,No,公开可读不等于允许再分发；PDF 仅本地保存。
02_Papers/05_Sim2Real/Sim-to-Real_Reinforcement_Learning_for_Vision-Based_Dexterous_Manipulation_on_Humanoids.md,00_Paper_Pool/PDFs/05_Sim2Real/Sim-to-Real_Reinforcement_Learning_for_Vision-Based_Dexterous_Manipulation_on_Humanoids.pdf,https://raw.githubusercontent.com/mlresearch/v305/main/assets/lin25c/lin25c.pdf,Conference OA,Unconfirmed,Unknown,https://raw.githubusercontent.com/mlresearch/v305/main/assets/lin25c/lin25c.pdf,No,仓库中可下载 PDF 不等于论文 PDF 本体采用代码仓库许可；未确认再分发授权。
02_Papers/05_Sim2Real/Sim2Real-VLA.md,00_Paper_Pool/PDFs/05_Sim2Real/Sim2Real-VLA.pdf,https://edem-ai.github.io/sim2realvla.github.io/static/paper/Sim2Real_VLA1_2025.pdf,Project/Author,Unconfirmed,Unknown,,No,公开可读不等于允许再分发；PDF 仅本地保存。
02_Papers/06_Diffusion_Flow_IL_RL/3D_Diffuser_Actor.md,00_Paper_Pool/PDFs/06_Diffusion_Flow_IL_RL/3D_Diffuser_Actor.pdf,https://raw.githubusercontent.com/mlresearch/v270/main/assets/ke25a/ke25a.pdf,Conference OA,Unconfirmed,Unknown,https://raw.githubusercontent.com/mlresearch/v270/main/assets/ke25a/ke25a.pdf,No,仓库中可下载 PDF 不等于论文 PDF 本体采用代码仓库许可；未确认再分发授权。
02_Papers/06_Diffusion_Flow_IL_RL/Action_Chunking_and_Data_Augmentation_Yield_Exponential_Improvements_in_Behavior_Cloning_f.md,00_Paper_Pool/PDFs/06_Diffusion_Flow_IL_RL/Action_Chunking_and_Data_Augmentation_Yield_Exponential_Improvements_in_Behavior_Cloning_f.pdf,https://proceedings.iclr.cc/paper_files/paper/2026/file/cd96cb9a239c37b39dbf34f3f5a4c56f-Paper-Conference.pdf,Conference OA,Unconfirmed,Unknown,,No,公开可读不等于允许再分发；PDF 仅本地保存。
02_Papers/06_Diffusion_Flow_IL_RL/AR-VRM.md,00_Paper_Pool/PDFs/06_Diffusion_Flow_IL_RL/AR-VRM.pdf,https://openaccess.thecvf.com/content/ICCV2025/papers/Yang_AR-VRM_Imitating_Human_Motions_for_Visual_Robot_Manipulation_with_Analogical_ICCV_2025_paper.pdf,Conference OA,Unconfirmed,Unknown,https://openaccess.thecvf.com/,No,CVF 开放阅读页声明版权和限制仍归权利人；未确认本 PDF 可再次托管。
02_Papers/06_Diffusion_Flow_IL_RL/AutoCGP.md,00_Paper_Pool/PDFs/06_Diffusion_Flow_IL_RL/AutoCGP.pdf,https://proceedings.iclr.cc/paper_files/paper/2025/file/6eed1e1d5ed52deee53234786998245e-Paper-Conference.pdf,Conference OA,Unconfirmed,Unknown,,No,公开可读不等于允许再分发；PDF 仅本地保存。
02_Papers/06_Diffusion_Flow_IL_RL/BAKU.md,00_Paper_Pool/PDFs/06_Diffusion_Flow_IL_RL/BAKU.pdf,https://proceedings.neurips.cc/paper_files/paper/2024/file/ff887781480973bd3cb6026feb378d1e-Paper-Conference.pdf,Conference OA,Unconfirmed,Unknown,,No,公开可读不等于允许再分发；PDF 仅本地保存。
02_Papers/06_Diffusion_Flow_IL_RL/Bidirectional_Decoding.md,00_Paper_Pool/PDFs/06_Diffusion_Flow_IL_RL/Bidirectional_Decoding.pdf,https://proceedings.iclr.cc/paper_files/paper/2025/file/0d78dd998f7b9ac79604d47a2d79bb0d-Paper-Conference.pdf,Conference OA,Unconfirmed,Unknown,,No,公开可读不等于允许再分发；PDF 仅本地保存。
02_Papers/06_Diffusion_Flow_IL_RL/Demystifying_Robot_Diffusion_Policies_Action_Memorization_and_a_Simple_Lookup_Table_Altern.md,00_Paper_Pool/PDFs/06_Diffusion_Flow_IL_RL/Demystifying_Robot_Diffusion_Policies_Action_Memorization_and_a_Simple_Lookup_Table_Altern.pdf,https://proceedings.iclr.cc/paper_files/paper/2026/file/122ea6470232ee5e79a2649243348005-Paper-Conference.pdf,Conference OA,Unconfirmed,Unknown,,No,公开可读不等于允许再分发；PDF 仅本地保存。
02_Papers/06_Diffusion_Flow_IL_RL/Dynamic_Test-Time_Compute_Scaling_in_Control_Policy_Difficulty-Aware_Stochastic_Interpolan.md,00_Paper_Pool/PDFs/06_Diffusion_Flow_IL_RL/Dynamic_Test-Time_Compute_Scaling_in_Control_Policy_Difficulty-Aware_Stochastic_Interpolan.pdf,https://proceedings.neurips.cc/paper_files/paper/2025/file/49eadcc4a329fc6b74b9f8a82b78cbc3-Paper-Conference.pdf,Conference OA,Unconfirmed,Unknown,,No,公开可读不等于允许再分发；PDF 仅本地保存。
02_Papers/06_Diffusion_Flow_IL_RL/EquiBot.md,00_Paper_Pool/PDFs/06_Diffusion_Flow_IL_RL/EquiBot.pdf,https://raw.githubusercontent.com/mlresearch/v270/main/assets/yang25a/yang25a.pdf,Conference OA,Unconfirmed,Unknown,https://raw.githubusercontent.com/mlresearch/v270/main/assets/yang25a/yang25a.pdf,No,仓库中可下载 PDF 不等于论文 PDF 本体采用代码仓库许可；未确认再分发授权。
02_Papers/06_Diffusion_Flow_IL_RL/Equivariant_Diffusion_Policy.md,00_Paper_Pool/PDFs/06_Diffusion_Flow_IL_RL/Equivariant_Diffusion_Policy.pdf,https://raw.githubusercontent.com/mlresearch/v270/main/assets/wang25a/wang25a.pdf,Conference OA,Unconfirmed,Unknown,https://raw.githubusercontent.com/mlresearch/v270/main/assets/wang25a/wang25a.pdf,No,仓库中可下载 PDF 不等于论文 PDF 本体采用代码仓库许可；未确认再分发授权。
02_Papers/06_Diffusion_Flow_IL_RL/ET-SEED.md,00_Paper_Pool/PDFs/06_Diffusion_Flow_IL_RL/ET-SEED.pdf,https://proceedings.iclr.cc/paper_files/paper/2025/file/969a11f489c59c50c2cfe8c407c68a9b-Paper-Conference.pdf,Conference OA,Unconfirmed,Unknown,,No,公开可读不等于允许再分发；PDF 仅本地保存。
02_Papers/06_Diffusion_Flow_IL_RL/FlowPolicy.md,00_Paper_Pool/PDFs/06_Diffusion_Flow_IL_RL/FlowPolicy.pdf,https://ojs.aaai.org/index.php/AAAI/article/download/33617/35772,Conference OA,Unconfirmed,Unknown,https://ojs.aaai.org/index.php/AAAI/article/download/33617/35772,No,AAAI 官方 PDF 可读，但未确认此 PDF 的开放再分发许可。
02_Papers/06_Diffusion_Flow_IL_RL/FoAM.md,00_Paper_Pool/PDFs/06_Diffusion_Flow_IL_RL/FoAM.pdf,https://ojs.aaai.org/index.php/AAAI/article/download/38911/42873,Conference OA,Unconfirmed,Unknown,https://ojs.aaai.org/index.php/AAAI/article/download/38911/42873,No,AAAI 官方 PDF 可读，但未确认此 PDF 的开放再分发许可。
02_Papers/06_Diffusion_Flow_IL_RL/Force_Matched_Visuotactile_IL.md,00_Paper_Pool/PDFs/06_Diffusion_Flow_IL_RL/Force_Matched_Visuotactile_IL.pdf,https://arxiv.org/pdf/2311.01248,arXiv,arXiv non-exclusive distribution,Unknown,https://arxiv.org/abs/2311.01248,No,作者授予 arXiv 分发权限，不等于授予第三方再托管权限。
02_Papers/06_Diffusion_Flow_IL_RL/FreqPolicy.md,00_Paper_Pool/PDFs/06_Diffusion_Flow_IL_RL/FreqPolicy.pdf,https://proceedings.neurips.cc/paper_files/paper/2025/file/282c3318be1b047b7bb5ba94fa4f3231-Paper-Conference.pdf,Conference OA,Unconfirmed,Unknown,,No,公开可读不等于允许再分发；PDF 仅本地保存。
02_Papers/06_Diffusion_Flow_IL_RL/Hierarchical_Diffusion_Policy_for_Kinematics-Aware_Multi-Task_Robotic_Manipulation.md,00_Paper_Pool/PDFs/06_Diffusion_Flow_IL_RL/Hierarchical_Diffusion_Policy_for_Kinematics-Aware_Multi-Task_Robotic_Manipulation.pdf,https://openaccess.thecvf.com/content/CVPR2024/papers/Ma_Hierarchical_Diffusion_Policy_for_Kinematics-Aware_Multi-Task_Robotic_Manipulation_CVPR_2024_paper.pdf,Conference OA,Unconfirmed,Unknown,https://openaccess.thecvf.com/,No,CVF 开放阅读页声明版权和限制仍归权利人；未确认本 PDF 可再次托管。
02_Papers/06_Diffusion_Flow_IL_RL/Learning_Diffusion_Policy_from_Primitive_Skills_for_Robot_Manipulation.md,00_Paper_Pool/PDFs/06_Diffusion_Flow_IL_RL/Learning_Diffusion_Policy_from_Primitive_Skills_for_Robot_Manipulation.pdf,https://ojs.aaai.org/index.php/AAAI/article/download/38889/42851,Conference OA,Unconfirmed,Unknown,https://ojs.aaai.org/index.php/AAAI/article/download/38889/42851,No,AAAI 官方 PDF 可读，但未确认此 PDF 的开放再分发许可。
02_Papers/06_Diffusion_Flow_IL_RL/Learning_Robotic_Manipulation_Policies_from_Point_Clouds_with_Conditional_Flow_Matching.md,00_Paper_Pool/PDFs/06_Diffusion_Flow_IL_RL/Learning_Robotic_Manipulation_Policies_from_Point_Clouds_with_Conditional_Flow_Matching.pdf,https://raw.githubusercontent.com/mlresearch/v270/main/assets/chisari25a/chisari25a.pdf,Conference OA,Unconfirmed,Unknown,https://raw.githubusercontent.com/mlresearch/v270/main/assets/chisari25a/chisari25a.pdf,No,仓库中可下载 PDF 不等于论文 PDF 本体采用代码仓库许可；未确认再分发授权。
02_Papers/06_Diffusion_Flow_IL_RL/MILES.md,00_Paper_Pool/PDFs/06_Diffusion_Flow_IL_RL/MILES.pdf,https://raw.githubusercontent.com/mlresearch/v270/main/assets/papagiannis25a/papagiannis25a.pdf,Conference OA,Unconfirmed,Unknown,https://raw.githubusercontent.com/mlresearch/v270/main/assets/papagiannis25a/papagiannis25a.pdf,No,仓库中可下载 PDF 不等于论文 PDF 本体采用代码仓库许可；未确认再分发授权。
02_Papers/06_Diffusion_Flow_IL_RL/MimicFunc.md,00_Paper_Pool/PDFs/06_Diffusion_Flow_IL_RL/MimicFunc.pdf,https://raw.githubusercontent.com/mlresearch/v305/main/assets/tang25a/tang25a.pdf,Conference OA,Unconfirmed,Unknown,https://raw.githubusercontent.com/mlresearch/v305/main/assets/tang25a/tang25a.pdf,No,仓库中可下载 PDF 不等于论文 PDF 本体采用代码仓库许可；未确认再分发授权。
02_Papers/06_Diffusion_Flow_IL_RL/PointMapPolicy.md,00_Paper_Pool/PDFs/06_Diffusion_Flow_IL_RL/PointMapPolicy.pdf,https://proceedings.neurips.cc/paper_files/paper/2025/file/eacc8ae341d15d2c13c02fef88189db3-Paper-Conference.pdf,Conference OA,Unconfirmed,Unknown,,No,公开可读不等于允许再分发；PDF 仅本地保存。
02_Papers/06_Diffusion_Flow_IL_RL/Real-Time_Robot_Execution_with_Masked_Action_Chunking.md,00_Paper_Pool/PDFs/06_Diffusion_Flow_IL_RL/Real-Time_Robot_Execution_with_Masked_Action_Chunking.pdf,https://proceedings.iclr.cc/paper_files/paper/2026/file/c35834443b7881e782e52b3519fe27c7-Paper-Conference.pdf,Conference OA,Unconfirmed,Unknown,,No,公开可读不等于允许再分发；PDF 仅本地保存。
02_Papers/06_Diffusion_Flow_IL_RL/Robot_Policy_Learning_with_Temporal_Optimal_Transport_Reward.md,00_Paper_Pool/PDFs/06_Diffusion_Flow_IL_RL/Robot_Policy_Learning_with_Temporal_Optimal_Transport_Reward.pdf,https://proceedings.neurips.cc/paper_files/paper/2024/file/dcd297696d0bb304ba426b3c5a679c37-Paper-Conference.pdf,Conference OA,Unconfirmed,Unknown,,No,公开可读不等于允许再分发；PDF 仅本地保存。
02_Papers/06_Diffusion_Flow_IL_RL/Text-Aware_Diffusion_for_Policy_Learning.md,00_Paper_Pool/PDFs/06_Diffusion_Flow_IL_RL/Text-Aware_Diffusion_for_Policy_Learning.pdf,https://proceedings.neurips.cc/paper_files/paper/2024/file/5227ce00add5aa0a12d1c4ee92fcd2dc-Paper-Conference.pdf,Conference OA,Unconfirmed,Unknown,,No,公开可读不等于允许再分发；PDF 仅本地保存。
02_Papers/07_Generalization_LongHorizon/Closed-Loop_Visuomotor_Control_with_Generative_Expectation_for_Robotic_Manipulation.md,00_Paper_Pool/PDFs/07_Generalization_LongHorizon/Closed-Loop_Visuomotor_Control_with_Generative_Expectation_for_Robotic_Manipulation.pdf,https://proceedings.neurips.cc/paper_files/paper/2024/file/fad8962279154544ed69bb63eb14d677-Paper-Conference.pdf,Conference OA,Unconfirmed,Unknown,,No,公开可读不等于允许再分发；PDF 仅本地保存。
02_Papers/07_Generalization_LongHorizon/Enhancing_LLM_Planning_for_Robotics_Manipulation_through_Hierarchical_Procedural_Knowledge.md,00_Paper_Pool/PDFs/07_Generalization_LongHorizon/Enhancing_LLM_Planning_for_Robotics_Manipulation_through_Hierarchical_Procedural_Knowledge.pdf,https://proceedings.neurips.cc/paper_files/paper/2025/file/b94310e1c7ecb79f1a24adc757f1b89b-Paper-Conference.pdf,Conference OA,Unconfirmed,Unknown,,No,公开可读不等于允许再分发；PDF 仅本地保存。
02_Papers/07_Generalization_LongHorizon/Gentle_Manipulation_Policy_Learning_via_Demonstrations_from_VLM_Planned_Atomic_Skills.md,00_Paper_Pool/PDFs/07_Generalization_LongHorizon/Gentle_Manipulation_Policy_Learning_via_Demonstrations_from_VLM_Planned_Atomic_Skills.pdf,https://ojs.aaai.org/index.php/AAAI/article/download/38955/42917,Conference OA,Unconfirmed,Unknown,https://ojs.aaai.org/index.php/AAAI/article/download/38955/42917,No,AAAI 官方 PDF 可读，但未确认此 PDF 的开放再分发许可。
02_Papers/07_Generalization_LongHorizon/GMAP.md,00_Paper_Pool/PDFs/07_Generalization_LongHorizon/GMAP.pdf,https://ojs.aaai.org/index.php/AAAI/article/download/33615/35770,Conference OA,Unconfirmed,Unknown,https://ojs.aaai.org/index.php/AAAI/article/download/33615/35770,No,AAAI 官方 PDF 可读，但未确认此 PDF 的开放再分发许可。
02_Papers/07_Generalization_LongHorizon/HAMSTER.md,00_Paper_Pool/PDFs/07_Generalization_LongHorizon/HAMSTER.pdf,https://proceedings.iclr.cc/paper_files/paper/2025/file/3bfee3bc6639c36e6e7b058db909f760-Paper-Conference.pdf,Conference OA,Unconfirmed,Unknown,,No,公开可读不等于允许再分发；PDF 仅本地保存。
02_Papers/07_Generalization_LongHorizon/Instruction-Augmented_Long-Horizon_Planning_Embedding_Grounding_Mechanisms_in_Embodied_Mob.md,00_Paper_Pool/PDFs/07_Generalization_LongHorizon/Instruction-Augmented_Long-Horizon_Planning_Embedding_Grounding_Mechanisms_in_Embodied_Mob.pdf,https://ojs.aaai.org/index.php/AAAI/article/download/33610/35765,Conference OA,Unconfirmed,Unknown,https://ojs.aaai.org/index.php/AAAI/article/download/33610/35765,No,AAAI 官方 PDF 可读，但未确认此 PDF 的开放再分发许可。
02_Papers/07_Generalization_LongHorizon/Mitigating_the_Human-Robot_Domain_Discrepancy_in_Visual_Pre-training_for_Robotic_Manipulat.md,00_Paper_Pool/PDFs/07_Generalization_LongHorizon/Mitigating_the_Human-Robot_Domain_Discrepancy_in_Visual_Pre-training_for_Robotic_Manipulat.pdf,https://openaccess.thecvf.com/content/CVPR2025/papers/Zhou_Mitigating_the_Human-Robot_Domain_Discrepancy_in_Visual_Pre-training_for_Robotic_CVPR_2025_paper.pdf,Conference OA,Unconfirmed,Unknown,https://openaccess.thecvf.com/,No,CVF 开放阅读页声明版权和限制仍归权利人；未确认本 PDF 可再次托管。
02_Papers/07_Generalization_LongHorizon/OWMM-Agent.md,00_Paper_Pool/PDFs/07_Generalization_LongHorizon/OWMM-Agent.pdf,https://proceedings.neurips.cc/paper_files/paper/2025/file/bc97207e3979d1cc23109db0be0e8ed2-Paper-Conference.pdf,Conference OA,Unconfirmed,Unknown,,No,公开可读不等于允许再分发；PDF 仅本地保存。
02_Papers/07_Generalization_LongHorizon/Policy_Decorator.md,00_Paper_Pool/PDFs/07_Generalization_LongHorizon/Policy_Decorator.pdf,https://proceedings.iclr.cc/paper_files/paper/2025/file/45c361d4117d598d4bb6568b407e9ac9-Paper-Conference.pdf,Conference OA,Unconfirmed,Unknown,,No,公开可读不等于允许再分发；PDF 仅本地保存。
02_Papers/07_Generalization_LongHorizon/RAM.md,00_Paper_Pool/PDFs/07_Generalization_LongHorizon/RAM.pdf,https://raw.githubusercontent.com/mlresearch/v270/main/assets/kuang25a/kuang25a.pdf,Conference OA,Unconfirmed,Unknown,https://raw.githubusercontent.com/mlresearch/v270/main/assets/kuang25a/kuang25a.pdf,No,仓库中可下载 PDF 不等于论文 PDF 本体采用代码仓库许可；未确认再分发授权。
02_Papers/07_Generalization_LongHorizon/RGMP.md,00_Paper_Pool/PDFs/07_Generalization_LongHorizon/RGMP.pdf,https://ojs.aaai.org/index.php/AAAI/article/download/38539/42501,Conference OA,Unconfirmed,Unknown,https://ojs.aaai.org/index.php/AAAI/article/download/38539/42501,No,AAAI 官方 PDF 可读，但未确认此 PDF 的开放再分发许可。
02_Papers/07_Generalization_LongHorizon/Self-Correcting_Robot_Manipulation_via_Gaussian-Splatted_Foresight.md,00_Paper_Pool/PDFs/07_Generalization_LongHorizon/Self-Correcting_Robot_Manipulation_via_Gaussian-Splatted_Foresight.pdf,https://ojs.aaai.org/index.php/AAAI/article/download/34866/37021,Conference OA,Unconfirmed,Unknown,https://ojs.aaai.org/index.php/AAAI/article/download/34866/37021,No,AAAI 官方 PDF 可读，但未确认此 PDF 的开放再分发许可。
02_Papers/07_Generalization_LongHorizon/SPIRE.md,00_Paper_Pool/PDFs/07_Generalization_LongHorizon/SPIRE.pdf,https://raw.githubusercontent.com/mlresearch/v270/main/assets/zhou25a/zhou25a.pdf,Conference OA,Unconfirmed,Unknown,https://raw.githubusercontent.com/mlresearch/v270/main/assets/zhou25a/zhou25a.pdf,No,仓库中可下载 PDF 不等于论文 PDF 本体采用代码仓库许可；未确认再分发授权。
02_Papers/07_Generalization_LongHorizon/TASTE-Rob.md,00_Paper_Pool/PDFs/07_Generalization_LongHorizon/TASTE-Rob.pdf,https://openaccess.thecvf.com/content/CVPR2025/papers/Zhao_TASTE-Rob_Advancing_Video_Generation_of_Task-Oriented_Hand-Object_Interaction_for_Generalizable_CVPR_2025_paper.pdf,Conference OA,Unconfirmed,Unknown,https://openaccess.thecvf.com/,No,CVF 开放阅读页声明版权和限制仍归权利人；未确认本 PDF 可再次托管。
"02_Papers/07_Generalization_LongHorizon/Think_Small,_Act_Big.md","00_Paper_Pool/PDFs/07_Generalization_LongHorizon/Think_Small,_Act_Big.pdf",https://openaccess.thecvf.com/content/CVPR2025/papers/Yao_Think_Small_Act_Big_Primitive_Prompt_Learning_for_Lifelong_Robot_CVPR_2025_paper.pdf,Conference OA,Unconfirmed,Unknown,https://openaccess.thecvf.com/,No,CVF 开放阅读页声明版权和限制仍归权利人；未确认本 PDF 可再次托管。
02_Papers/07_Generalization_LongHorizon/UniDomain.md,00_Paper_Pool/PDFs/07_Generalization_LongHorizon/UniDomain.pdf,https://proceedings.neurips.cc/paper_files/paper/2025/file/b8358a00e5b870194b974ddf8dd415c3-Paper-Conference.pdf,Conference OA,Unconfirmed,Unknown,,No,公开可读不等于允许再分发；PDF 仅本地保存。
02_Papers/07_Generalization_LongHorizon/VidBot.md,00_Paper_Pool/PDFs/07_Generalization_LongHorizon/VidBot.pdf,https://openaccess.thecvf.com/content/CVPR2025/papers/Chen_VidBot_Learning_Generalizable_3D_Actions_from_In-the-Wild_2D_Human_Videos_CVPR_2025_paper.pdf,Conference OA,Unconfirmed,Unknown,https://openaccess.thecvf.com/,No,CVF 开放阅读页声明版权和限制仍归权利人；未确认本 PDF 可再次托管。
02_Papers/08_Data_Teleoperation/DexCap.md,00_Paper_Pool/PDFs/08_Data_Teleoperation/DexCap.pdf,https://roboticsproceedings.org/rss20/p043.pdf,Conference OA,Unconfirmed,Unknown,,No,公开可读不等于允许再分发；PDF 仅本地保存。
02_Papers/08_Data_Teleoperation/DynScene.md,00_Paper_Pool/PDFs/08_Data_Teleoperation/DynScene.pdf,https://openaccess.thecvf.com/content/CVPR2025/papers/Lee_DynScene_Scalable_Generation_of_Dynamic_Robotic_Manipulation_Scenes_for_Embodied_CVPR_2025_paper.pdf,Conference OA,Unconfirmed,Unknown,https://openaccess.thecvf.com/,No,CVF 开放阅读页声明版权和限制仍归权利人；未确认本 PDF 可再次托管。
02_Papers/08_Data_Teleoperation/Latent_Action_Pretraining_from_Videos.md,00_Paper_Pool/PDFs/08_Data_Teleoperation/Latent_Action_Pretraining_from_Videos.pdf,https://proceedings.iclr.cc/paper_files/paper/2025/file/45d74e190008c7bff2845ffc8e3facd3-Paper-Conference.pdf,Conference OA,Unconfirmed,Unknown,,No,公开可读不等于允许再分发；PDF 仅本地保存。
02_Papers/08_Data_Teleoperation/ManiWAV.md,00_Paper_Pool/PDFs/08_Data_Teleoperation/ManiWAV.pdf,https://raw.githubusercontent.com/mlresearch/v270/main/assets/liu25c/liu25c.pdf,Conference OA,Unconfirmed,Unknown,https://raw.githubusercontent.com/mlresearch/v270/main/assets/liu25c/liu25c.pdf,No,仓库中可下载 PDF 不等于论文 PDF 本体采用代码仓库许可；未确认再分发授权。
02_Papers/08_Data_Teleoperation/OPEN_TEACH.md,00_Paper_Pool/PDFs/08_Data_Teleoperation/OPEN_TEACH.pdf,https://raw.githubusercontent.com/mlresearch/v270/main/assets/iyer25a/iyer25a.pdf,Conference OA,Unconfirmed,Unknown,https://raw.githubusercontent.com/mlresearch/v270/main/assets/iyer25a/iyer25a.pdf,No,仓库中可下载 PDF 不等于论文 PDF 本体采用代码仓库许可；未确认再分发授权。
02_Papers/08_Data_Teleoperation/Robo2VLM.md,00_Paper_Pool/PDFs/08_Data_Teleoperation/Robo2VLM.pdf,https://proceedings.neurips.cc/paper_files/paper/2025/file/1f467c3e37abf9f86c78f44c6a27ee7c-Paper-Datasets_and_Benchmarks_Track.pdf,Conference OA,Unconfirmed,Unknown,,No,公开可读不等于允许再分发；PDF 仅本地保存。
02_Papers/09_Survey_Review/A_Survey_of_Demonstration_Learning.md,00_Paper_Pool/PDFs/09_Survey_Review/A_Survey_of_Demonstration_Learning.pdf,https://arxiv.org/pdf/2303.11191,arXiv,CC BY-NC-ND 4.0,Unknown,https://arxiv.org/abs/2303.11191,No,仅允许非商业原样分享；公开仓库再托管条件待确认，暂不跟踪。
02_Papers/09_Survey_Review/A_Survey_of_Embodied_Learning_for_Object-Centric_Robotic_Manipulation.md,00_Paper_Pool/PDFs/09_Survey_Review/A_Survey_of_Embodied_Learning_for_Object-Centric_Robotic_Manipulation.pdf,https://link.springer.com/content/pdf/10.1007/s11633-025-1542-8.pdf,Other legal OA,Unconfirmed,Unknown,,No,公开可读不等于允许再分发；PDF 仅本地保存。
02_Papers/09_Survey_Review/A_Survey_of_Robot_Learning_for_Bimanual_Manipulation.md,,https://github.com/Destiny000621/awesome-bimanual-robot-learning/blob/main/SURVEY.md,,Unconfirmed,Unknown,,No,未取得可验证、可合法下载的论文 PDF。
02_Papers/09_Survey_Review/A_Survey_on_Robotics_with_Foundation_Models_Toward_Embodied_AI.md,00_Paper_Pool/PDFs/09_Survey_Review/A_Survey_on_Robotics_with_Foundation_Models_Toward_Embodied_AI.pdf,https://arxiv.org/pdf/2402.02385,arXiv,CC BY 4.0,Yes,https://arxiv.org/abs/2402.02385,Yes,arXiv 摘要页标注 CC BY 4.0；转载应保留作者、来源和许可归属。
02_Papers/09_Survey_Review/A_Survey_on_Vision-Language-Action_Models_An_Action_Tokenization_Perspective.md,00_Paper_Pool/PDFs/09_Survey_Review/A_Survey_on_Vision-Language-Action_Models_An_Action_Tokenization_Perspective.pdf,https://arxiv.org/pdf/2507.01925,arXiv,arXiv non-exclusive distribution,Unknown,https://arxiv.org/abs/2507.01925,No,作者授予 arXiv 分发权限，不等于授予第三方再托管权限。
02_Papers/09_Survey_Review/A_Survey_on_Vision-Language-Action_Models_for_Embodied_AI.md,00_Paper_Pool/PDFs/09_Survey_Review/A_Survey_on_Vision-Language-Action_Models_for_Embodied_AI.pdf,https://arxiv.org/pdf/2405.14093,arXiv,arXiv non-exclusive distribution,Unknown,https://arxiv.org/abs/2405.14093,No,作者授予 arXiv 分发权限，不等于授予第三方再托管权限。
"02_Papers/09_Survey_Review/Dexterous_Hand_towards_Intelligent_Manufacturing_A_Review_of_Technologies,_Trends,_and_Pot.md",,https://www.sciencedirect.com/science/article/pii/S0736584525000754,,Unconfirmed,Unknown,,No,未取得可验证、可合法下载的论文 PDF。
02_Papers/09_Survey_Review/Interactive_Imitation_Learning_for_Dexterous_Robotic_Manipulation_Challenges_and_Perspecti.md,00_Paper_Pool/PDFs/09_Survey_Review/Interactive_Imitation_Learning_for_Dexterous_Robotic_Manipulation_Challenges_and_Perspecti.pdf,https://arxiv.org/pdf/2506.00098,arXiv,CC BY 4.0,Yes,https://arxiv.org/abs/2506.00098,Yes,arXiv 摘要页标注 CC BY 4.0；转载应保留作者、来源和许可归属。
02_Papers/09_Survey_Review/Learning_by_Watching.md,00_Paper_Pool/PDFs/09_Survey_Review/Learning_by_Watching.pdf,https://arxiv.org/pdf/2402.07127,arXiv,CC BY 4.0,Yes,https://arxiv.org/abs/2402.07127,Yes,arXiv 摘要页标注 CC BY 4.0；转载应保留作者、来源和许可归属。
02_Papers/09_Survey_Review/Survey_of_Learning-Based_Approaches_for_Robotic_In-Hand_Manipulation.md,00_Paper_Pool/PDFs/09_Survey_Review/Survey_of_Learning-Based_Approaches_for_Robotic_In-Hand_Manipulation.pdf,https://arxiv.org/pdf/2401.07915,arXiv,CC BY 4.0,Yes,https://arxiv.org/abs/2401.07915,Yes,arXiv 摘要页标注 CC BY 4.0；转载应保留作者、来源和许可归属。
02_Papers/09_Survey_Review/Towards_a_Unified_Understanding_of_Robot_Manipulation_A_Comprehensive_Survey.md,00_Paper_Pool/PDFs/09_Survey_Review/Towards_a_Unified_Understanding_of_Robot_Manipulation_A_Comprehensive_Survey.pdf,https://arxiv.org/pdf/2510.10903,arXiv,CC BY 4.0,Yes,https://arxiv.org/abs/2510.10903,Yes,arXiv 摘要页标注 CC BY 4.0；转载应保留作者、来源和许可归属。
02_Papers/09_Survey_Review/What_Foundation_Models_can_Bring_for_Robot_Learning_in_Manipulation_A_Survey.md,00_Paper_Pool/PDFs/09_Survey_Review/What_Foundation_Models_can_Bring_for_Robot_Learning_in_Manipulation_A_Survey.pdf,https://arxiv.org/pdf/2404.18201,arXiv,arXiv non-exclusive distribution,Unknown,https://arxiv.org/abs/2404.18201,No,作者授予 arXiv 分发权限，不等于授予第三方再托管权限。
02_Papers/10_Benchmark_Dataset/AdaManip.md,00_Paper_Pool/PDFs/10_Benchmark_Dataset/AdaManip.pdf,https://proceedings.iclr.cc/paper_files/paper/2025/file/9cd0c57170f48520749d5ae62838241f-Paper-Conference.pdf,Conference OA,Unconfirmed,Unknown,,No,公开可读不等于允许再分发；PDF 仅本地保存。
02_Papers/10_Benchmark_Dataset/BiGym.md,00_Paper_Pool/PDFs/10_Benchmark_Dataset/BiGym.pdf,https://raw.githubusercontent.com/mlresearch/v270/main/assets/chernyadev25a/chernyadev25a.pdf,Conference OA,Unconfirmed,Unknown,https://raw.githubusercontent.com/mlresearch/v270/main/assets/chernyadev25a/chernyadev25a.pdf,No,仓库中可下载 PDF 不等于论文 PDF 本体采用代码仓库许可；未确认再分发授权。
02_Papers/10_Benchmark_Dataset/DexH2R.md,00_Paper_Pool/PDFs/10_Benchmark_Dataset/DexH2R.pdf,https://openaccess.thecvf.com/content/ICCV2025/papers/Wang_DexH2R_A_Benchmark_for_Dynamic_Dexterous_Grasping_in_Human-to-Robot_Handover_ICCV_2025_paper.pdf,Conference OA,Unconfirmed,Unknown,https://openaccess.thecvf.com/,No,CVF 开放阅读页声明版权和限制仍归权利人；未确认本 PDF 可再次托管。
02_Papers/10_Benchmark_Dataset/DROID.md,00_Paper_Pool/PDFs/10_Benchmark_Dataset/DROID.pdf,https://roboticsproceedings.org/rss20/p120.pdf,Conference OA,Unconfirmed,Unknown,,No,公开可读不等于允许再分发；PDF 仅本地保存。
02_Papers/10_Benchmark_Dataset/Open_X-Embodiment.md,00_Paper_Pool/PDFs/10_Benchmark_Dataset/Open_X-Embodiment.pdf,https://arxiv.org/pdf/2310.08864,arXiv,CC BY 4.0,Yes,https://arxiv.org/abs/2310.08864,Yes,arXiv 摘要页标注 CC BY 4.0；转载应保留作者、来源和许可归属。
02_Papers/10_Benchmark_Dataset/Point_Cloud_Matters.md,00_Paper_Pool/PDFs/10_Benchmark_Dataset/Point_Cloud_Matters.pdf,https://proceedings.neurips.cc/paper_files/paper/2024/file/8e5dc5969a6174fcaaececd890c7f59b-Paper-Datasets_and_Benchmarks_Track.pdf,Conference OA,Unconfirmed,Unknown,,No,公开可读不等于允许再分发；PDF 仅本地保存。
02_Papers/10_Benchmark_Dataset/RoboCasa.md,00_Paper_Pool/PDFs/10_Benchmark_Dataset/RoboCasa.pdf,https://www.roboticsproceedings.org/rss20/p050.pdf,Conference OA,Unconfirmed,Unknown,,No,公开可读不等于允许再分发；PDF 仅本地保存。
02_Papers/10_Benchmark_Dataset/RoboTwin.md,00_Paper_Pool/PDFs/10_Benchmark_Dataset/RoboTwin.pdf,https://openaccess.thecvf.com/content/CVPR2025/papers/Mu_RoboTwin_Dual-Arm_Robot_Benchmark_with_Generative_Digital_Twins_CVPR_2025_paper.pdf,Conference OA,Unconfirmed,Unknown,https://openaccess.thecvf.com/,No,CVF 开放阅读页声明版权和限制仍归权利人；未确认本 PDF 可再次托管。
02_Papers/10_Benchmark_Dataset/SurgicAI.md,00_Paper_Pool/PDFs/10_Benchmark_Dataset/SurgicAI.pdf,https://proceedings.neurips.cc/paper_files/paper/2024/file/74c4f2b87b7499d365422152c76fd916-Paper-Datasets_and_Benchmarks_Track.pdf,Conference OA,Unconfirmed,Unknown,,No,公开可读不等于允许再分发；PDF 仅本地保存。
02_Papers/10_Benchmark_Dataset/TACO.md,00_Paper_Pool/PDFs/10_Benchmark_Dataset/TACO.pdf,https://openaccess.thecvf.com/content/CVPR2024/papers/Liu_TACO_Benchmarking_Generalizable_Bimanual_Tool-ACtion-Object_Understanding_CVPR_2024_paper.pdf,Conference OA,Unconfirmed,Unknown,https://openaccess.thecvf.com/,No,CVF 开放阅读页声明版权和限制仍归权利人；未确认本 PDF 可再次托管。
02_Papers/10_Benchmark_Dataset/THE_COLOSSEUM.md,00_Paper_Pool/PDFs/10_Benchmark_Dataset/THE_COLOSSEUM.pdf,https://www.roboticsproceedings.org/rss20/p133.pdf,Conference OA,Unconfirmed,Unknown,,No,公开可读不等于允许再分发；PDF 仅本地保存。
02_Papers/10_Benchmark_Dataset/VTDexManip.md,00_Paper_Pool/PDFs/10_Benchmark_Dataset/VTDexManip.pdf,https://proceedings.iclr.cc/paper_files/paper/2025/file/e19b6f65791e350347bcff8a3955cb5b-Paper-Conference.pdf,Conference OA,Unconfirmed,Unknown,,No,公开可读不等于允许再分发；PDF 仅本地保存。
