Paper,Category,PDF Filename,Local PDF,Online PDF,DOI,arXiv,Source,License,Git Tracked,SHA256,File Size,Pages
02_Papers/01_VLA/3D-VLA.md,01_VLA,3D-VLA.pdf,[[00_Paper_Pool/PDFs/01_VLA/3D-VLA.pdf]],https://proceedings.neurips.cc/paper_files/paper/2023/file/413885e70482b95dcbeeddc1daf39177-Paper-Conference.pdf,10.48550/arXiv.2403.09631,2403.09631,Conference OA,Unconfirmed,No,d36ae653eb33ac51ebe0b8c92f22f7d497a1d1fb554c194aca81ebb7d4eaaf85,4119888,13
02_Papers/01_VLA/Actions_as_Language.md,01_VLA,Actions_as_Language.pdf,[[00_Paper_Pool/PDFs/01_VLA/Actions_as_Language.pdf]],https://proceedings.iclr.cc/paper_files/paper/2026/file/7a0f8055c838df8e62329a76c7c6403d-Paper-Conference.pdf,,,Conference OA,Unconfirmed,No,1f52d363ea92d18427e8f35189262f515ea0c5fb1f7b1528dac92ad7bfdeff97,9621604,28
02_Papers/01_VLA/BridgeVLA.md,01_VLA,BridgeVLA.pdf,[[00_Paper_Pool/PDFs/01_VLA/BridgeVLA.pdf]],https://proceedings.neurips.cc/paper_files/paper/2025/file/5c1a8aa04c1a2cf5013f28831870dafa-Paper-Conference.pdf,10.52202/085713-2137,,Conference OA,Unconfirmed,No,be473fbb35ef1b9d367e78b050c5579617e8d2fd5dd53c8aa003d851711d540d,17009039,39
02_Papers/01_VLA/CoT-VLA.md,01_VLA,CoT-VLA.pdf,[[00_Paper_Pool/PDFs/01_VLA/CoT-VLA.pdf]],https://openaccess.thecvf.com/content/CVPR2025/papers/Zhao_CoT-VLA_Visual_Chain-of-Thought_Reasoning_for_Vision-Language-Action_Models_CVPR_2025_paper.pdf,,,Conference OA,Unconfirmed,No,5a2bc4aa7041dd2e747c3c52daa711d8ece2779b479d95d8808649ce7f25d3b7,7055204,12
02_Papers/01_VLA/DiffusionVLA.md,01_VLA,DiffusionVLA.pdf,[[00_Paper_Pool/PDFs/01_VLA/DiffusionVLA.pdf]],https://raw.githubusercontent.com/mlresearch/v267/main/assets/wen25g/wen25g.pdf,,,Conference OA,Unconfirmed,No,aace1bfdbc16031b1db1e50f7a9ca106606241fea20631cf2eaa74db69bc45ae,1716577,17
02_Papers/01_VLA/MoManipVLA.md,01_VLA,MoManipVLA.pdf,[[00_Paper_Pool/PDFs/01_VLA/MoManipVLA.pdf]],https://openaccess.thecvf.com/content/CVPR2025/papers/Wu_MoManipVLA_Transferring_Vision-language-action_Models_for_General_Mobile_Manipulation_CVPR_2025_paper.pdf,10.48550/arXiv.2503.13446,2503.13446,Conference OA,Unconfirmed,No,9281a0e87accf5a882fbd0d2dfb6b8e02f516e38f08c199082a7cd958bef38cf,2344924,10
02_Papers/01_VLA/Octo.md,01_VLA,Octo.pdf,[[00_Paper_Pool/PDFs/01_VLA/Octo.pdf]],https://roboticsproceedings.org/rss20/p090.pdf,,,Conference OA,Unconfirmed,No,2ad80d52e9ce79b6d3e052724631e4767a96a356850e48a5e5ef655a3b09a9c6,3411632,13
02_Papers/01_VLA/OpenVLA.md,01_VLA,OpenVLA.pdf,[[00_Paper_Pool/PDFs/01_VLA/OpenVLA.pdf]],https://raw.githubusercontent.com/mlresearch/v270/main/assets/kim25c/kim25c.pdf,,,Conference OA,Unconfirmed,No,312adce96455c80da723f85bfe25c9bae7ccfbeb9daf739e05671eb7a303affa,13036087,35
02_Papers/01_VLA/ReconVLA.md,01_VLA,ReconVLA.pdf,[[00_Paper_Pool/PDFs/01_VLA/ReconVLA.pdf]],https://ojs.aaai.org/index.php/AAAI/article/download/38921/42883,10.1609/aaai.v40i22.38921,,Conference OA,Unconfirmed,No,9b0e81a2f51f190a8719914d8a9c362056e1db90db6b3540e5a35f806414c37a,3189670,9
02_Papers/01_VLA/RoboGround.md,01_VLA,RoboGround.pdf,[[00_Paper_Pool/PDFs/01_VLA/RoboGround.pdf]],https://openaccess.thecvf.com/content/CVPR2025/papers/Huang_RoboGround_Robotic_Manipulation_with_Grounded_Vision-Language_Priors_CVPR_2025_paper.pdf,,,Conference OA,Unconfirmed,No,fcc196bd227ba4bcfa8f485aa05b4fae7c4aec753bc3aeff84e6547cb641bd40,1660114,11
02_Papers/01_VLA/RoboMamba.md,01_VLA,RoboMamba.pdf,[[00_Paper_Pool/PDFs/01_VLA/RoboMamba.pdf]],https://proceedings.neurips.cc/paper_files/paper/2024/file/46a126492ea6fb87410e55a58df2e189-Paper-Conference.pdf,10.52202/079017-1266,,Conference OA,Unconfirmed,No,9f9ea24fcef9c7371ddeb4bb9ba967019fe511833f522272893c6c9b38fbb9e6,4916576,26
02_Papers/01_VLA/RoboMonkey.md,01_VLA,RoboMonkey.pdf,[[00_Paper_Pool/PDFs/01_VLA/RoboMonkey.pdf]],https://raw.githubusercontent.com/mlresearch/v305/main/assets/kwok25a/kwok25a.pdf,,,Conference OA,Unconfirmed,No,98111e735150cd41e33cf446a6db377cb0015e7fcdca08a5597320647bb474c1,9306486,18
02_Papers/01_VLA/SayCan.md,01_VLA,SayCan.pdf,[[00_Paper_Pool/PDFs/01_VLA/SayCan.pdf]],https://arxiv.org/pdf/2204.01691,10.48550/arXiv.2204.01691,2204.01691,arXiv,arXiv non-exclusive distribution,No,48c22d36a044bbbd34e640beb1db4fb4ba57e74d97fefa0fb121d55c31282312,12827088,34
02_Papers/01_VLA/SimpleVLA-RL.md,01_VLA,SimpleVLA-RL.pdf,[[00_Paper_Pool/PDFs/01_VLA/SimpleVLA-RL.pdf]],https://proceedings.iclr.cc/paper_files/paper/2026/file/cbfbcb4da14235bd69b134070898ae9d-Paper-Conference.pdf,,,Conference OA,Unconfirmed,No,41580d8dea64f8ba34e0a6a3246a37464271d34e87e8b1432770f83cda0761fd,3012415,24
02_Papers/01_VLA/SP-VLA.md,01_VLA,SP-VLA.pdf,[[00_Paper_Pool/PDFs/01_VLA/SP-VLA.pdf]],https://proceedings.iclr.cc/paper_files/paper/2026/file/4072543747a14bbed76284cf2c04b9e9-Paper-Conference.pdf,,,Conference OA,Unconfirmed,No,50734ad121a763ac53e9408f46813dd38e80f4fd5081afedbb6a1a6008d88812,42265998,30
02_Papers/01_VLA/SpatialVLA.md,01_VLA,SpatialVLA.pdf,[[00_Paper_Pool/PDFs/01_VLA/SpatialVLA.pdf]],https://www.roboticsproceedings.org/rss21/p011.pdf,,,Conference OA,Unconfirmed,No,a0d3dfd51076ae418b11ddfdb4028dda9ac2a57abbb30a218047b714ff758b7a,8543669,13
02_Papers/01_VLA/TraceVLA.md,01_VLA,TraceVLA.pdf,[[00_Paper_Pool/PDFs/01_VLA/TraceVLA.pdf]],https://proceedings.iclr.cc/paper_files/paper/2025/file/8667f264f88c7938a73a53ab01eb1327-Paper-Conference.pdf,,,Conference OA,Unconfirmed,No,aaa084adf35dd1e2d09be843c4a476f6895a0a1c755e034733357bd1ec2aac46,5596155,20
02_Papers/01_VLA/VideoVLA.md,01_VLA,VideoVLA.pdf,[[00_Paper_Pool/PDFs/01_VLA/VideoVLA.pdf]],https://proceedings.neurips.cc/paper_files/paper/2025/file/89a3b655a8b68ae1c76b768152c9c19d-Paper-Conference.pdf,10.52202/085713-3197,,Conference OA,Unconfirmed,No,720b77e3034f1e73d887401e4f4df39984bfbfeb8a492ed15976be25958bf3b2,4138040,25
02_Papers/01_VLA/VLA-Cache.md,01_VLA,VLA-Cache.pdf,[[00_Paper_Pool/PDFs/01_VLA/VLA-Cache.pdf]],https://proceedings.neurips.cc/paper_files/paper/2025/file/f062da1973ac9ac61fc6d44dd7fa309f-Paper-Conference.pdf,10.52202/085713-5484,2502.02175,Conference OA,Unconfirmed,No,068ae82f8a2daea8ec0121c7797848091e64a6ae8c304c67d6524fc1dbe1e7f5,6110568,26
02_Papers/02_Robot_Manipulation/Dreamitate.md,02_Robot_Manipulation,Dreamitate.pdf,[[00_Paper_Pool/PDFs/02_Robot_Manipulation/Dreamitate.pdf]],https://raw.githubusercontent.com/mlresearch/v270/main/assets/liang25b/liang25b.pdf,,,Conference OA,Unconfirmed,No,8a0e4298529c71bab4ac0c45ee1b6c93063def07ba3f353b81471a5a02c0bd95,47968468,18
02_Papers/02_Robot_Manipulation/ManipLLM.md,02_Robot_Manipulation,ManipLLM.pdf,[[00_Paper_Pool/PDFs/02_Robot_Manipulation/ManipLLM.pdf]],https://openaccess.thecvf.com/content/CVPR2024/papers/Li_ManipLLM_Embodied_Multimodal_Large_Language_Model_for_Object-Centric_Robotic_Manipulation_CVPR_2024_paper.pdf,,,Conference OA,Unconfirmed,No,2a94c05160312c596f46f28b3b15a1bef65515758504ce3a5589589715a94955,1969986,10
02_Papers/02_Robot_Manipulation/RobotSmith.md,02_Robot_Manipulation,RobotSmith.pdf,[[00_Paper_Pool/PDFs/02_Robot_Manipulation/RobotSmith.pdf]],https://proceedings.neurips.cc/paper_files/paper/2025/file/9fc291fef2f9607a46777d367f900a15-Paper-Conference.pdf,10.52202/085713-3684,,Conference OA,Unconfirmed,No,c82d3e49894c697faa75a3d3c912d8e7f60cefb93b2b8111c63ad62a138b1e73,10069154,30
02_Papers/02_Robot_Manipulation/SPIN.md,02_Robot_Manipulation,SPIN.pdf,[[00_Paper_Pool/PDFs/02_Robot_Manipulation/SPIN.pdf]],https://openaccess.thecvf.com/content/CVPR2024/papers/Uppal_SPIN_Simultaneous_Perception_Interaction_and_Navigation_CVPR_2024_paper.pdf,,,Conference OA,Unconfirmed,No,ca8aa67580aead31e7a231cd9f6bf53089207f7800834befee3645bc4381a3f4,10445761,10
02_Papers/02_Robot_Manipulation/VidMan.md,02_Robot_Manipulation,VidMan.pdf,[[00_Paper_Pool/PDFs/02_Robot_Manipulation/VidMan.pdf]],https://proceedings.neurips.cc/paper_files/paper/2024/file/481c70828a4ff20d31a646cc6cc95f3d-Paper-Conference.pdf,10.52202/079017-1298,,Conference OA,Unconfirmed,No,81077374739aa615b2f9b1421ee79db1030eae67c4c3c4d37e3ba361277789e0,3971583,25
02_Papers/03_Bimanual/2HandedAfforder.md,03_Bimanual,2HandedAfforder.pdf,[[00_Paper_Pool/PDFs/03_Bimanual/2HandedAfforder.pdf]],https://openaccess.thecvf.com/content/ICCV2025/papers/Heidinger_2HandedAfforder_Learning_Precise_Actionable_Bimanual_Affordances_from_Human_Videos_ICCV_2025_paper.pdf,,,Conference OA,Unconfirmed,No,73016f041539b1e240960f6989fae6399532562dd5fed2c155f96eb1b6c9a21a,23541819,11
02_Papers/03_Bimanual/ALOHA_Unleashed.md,03_Bimanual,ALOHA_Unleashed.pdf,[[00_Paper_Pool/PDFs/03_Bimanual/ALOHA_Unleashed.pdf]],https://raw.githubusercontent.com/mlresearch/v270/main/assets/zhao25b/zhao25b.pdf,,,Conference OA,Unconfirmed,No,137a4cc81059e2ccbc0004ecbbf340793e2207d3caaa567f6fe1b1812e5c65a1,6429467,15
02_Papers/03_Bimanual/AnyBimanual.md,03_Bimanual,AnyBimanual.pdf,[[00_Paper_Pool/PDFs/03_Bimanual/AnyBimanual.pdf]],https://openaccess.thecvf.com/content/ICCV2025/papers/Lu_AnyBimanual_Transferring_Unimanual_Policy_for_General_Bimanual_Manipulation_ICCV_2025_paper.pdf,,,Conference OA,Unconfirmed,No,fb90c4b93aefb0438fe692c0ea3a444a6485efe6e0f3b236417f174502a2cc43,2832466,11
02_Papers/03_Bimanual/BimArt.md,03_Bimanual,BimArt.pdf,[[00_Paper_Pool/PDFs/03_Bimanual/BimArt.pdf]],https://openaccess.thecvf.com/content/CVPR2025/papers/Zhang_BimArt_A_Unified_Approach_for_the_Synthesis_of_3D_Bimanual_CVPR_2025_paper.pdf,,,Conference OA,Unconfirmed,No,b155ef5823e94740d2cd5c94c5240ff82eb99c4a8e1dc9eee4d59bc0bec29718,5124188,12
02_Papers/03_Bimanual/COMBO-Grasp.md,03_Bimanual,COMBO-Grasp.pdf,[[00_Paper_Pool/PDFs/03_Bimanual/COMBO-Grasp.pdf]],https://raw.githubusercontent.com/mlresearch/v305/main/assets/yamada25a/yamada25a.pdf,,,Conference OA,Unconfirmed,No,814164af7ae9ccf376cc909d78eb6eae985d1180f88dd593957e3736303658fe,4177724,18
02_Papers/03_Bimanual/Constrained_Bimanual_Planning.md,03_Bimanual,Constrained_Bimanual_Planning.pdf,[[00_Paper_Pool/PDFs/03_Bimanual/Constrained_Bimanual_Planning.pdf]],https://arxiv.org/pdf/2309.08770,,2309.08770,arXiv,CC BY 4.0,Yes,8c2fe630439932310cb3f5409ed09e26e702ec00c854b5f5d7743e5767d556c5,9873952,8
02_Papers/03_Bimanual/Diffusion-Based_Imaginative_Coordination_for_Bimanual_Manipulation.md,03_Bimanual,Diffusion-Based_Imaginative_Coordination_for_Bimanual_Manipulation.pdf,[[00_Paper_Pool/PDFs/03_Bimanual/Diffusion-Based_Imaginative_Coordination_for_Bimanual_Manipulation.pdf]],https://openaccess.thecvf.com/content/ICCV2025/papers/Xu_Diffusion-Based_Imaginative_Coordination_for_Bimanual_Manipulation_ICCV_2025_paper.pdf,,,Conference OA,Unconfirmed,No,9624b997b5590a0cba2f5596392bee1b644a4e8a4a429c9f2d3ea7daa3788fb9,6765734,11
02_Papers/03_Bimanual/Forecasting_Bimanual_Object_Manipulation_Sequences_from_Unimanual_Observations.md,03_Bimanual,Forecasting_Bimanual_Object_Manipulation_Sequences_from_Unimanual_Observations.pdf,[[00_Paper_Pool/PDFs/03_Bimanual/Forecasting_Bimanual_Object_Manipulation_Sequences_from_Unimanual_Observations.pdf]],https://ojs.aaai.org/index.php/AAAI/article/download/28266/28523,10.1609/aaai.v38i5.28266,,Conference OA,Unconfirmed,No,f3f14376dd6e0aa3c3aef1e20f7595794f2f9cdb5b3fb4f407722aa8e4b8db36,13888446,8
02_Papers/03_Bimanual/HumanoidGen.md,03_Bimanual,HumanoidGen.pdf,[[00_Paper_Pool/PDFs/03_Bimanual/HumanoidGen.pdf]],https://proceedings.neurips.cc/paper_files/paper/2025/file/e4ef7454447baa15a424314e6284441b-Paper-Conference.pdf,10.52202/085713-5220,,Conference OA,Unconfirmed,No,840e3fd4b7b7d94572b2c52a0161def808b86772daa2e8d90e998154102cf6a2,7400534,47
02_Papers/03_Bimanual/Learning_Diverse_Bimanual_Dexterous_Manipulation_Skills_from_Human_Demonstrations.md,03_Bimanual,Learning_Diverse_Bimanual_Dexterous_Manipulation_Skills_from_Human_Demonstrations.pdf,[[00_Paper_Pool/PDFs/03_Bimanual/Learning_Diverse_Bimanual_Dexterous_Manipulation_Skills_from_Human_Demonstrations.pdf]],https://ojs.aaai.org/index.php/AAAI/article/download/40127/44088,10.1609/aaai.v40i34.40127,,Conference OA,Unconfirmed,No,07ec2fb03b012e2654de33d9e1a20804ed9e83ef83e1e2adbad047f89ad77809,5998633,9
02_Papers/03_Bimanual/ManipTrans.md,03_Bimanual,ManipTrans.pdf,[[00_Paper_Pool/PDFs/03_Bimanual/ManipTrans.pdf]],https://openaccess.thecvf.com/content/CVPR2025/papers/Li_ManipTrans_Efficient_Dexterous_Bimanual_Manipulation_Transfer_via_Residual_Learning_CVPR_2025_paper.pdf,,,Conference OA,Unconfirmed,No,8f98edb8a7cfd59ebf0a2e5894c65fb81c16567026c74d9500a9a67136ad499b,3629834,13
02_Papers/03_Bimanual/Mobile_ALOHA.md,03_Bimanual,Mobile_ALOHA.pdf,[[00_Paper_Pool/PDFs/03_Bimanual/Mobile_ALOHA.pdf]],https://raw.githubusercontent.com/mlresearch/v270/main/assets/fu25b/fu25b.pdf,,,Conference OA,Unconfirmed,No,307f769f66d808eb8fb3ce45da232137d9c578b80238a16ae381075fc4c590bc,2331551,18
02_Papers/03_Bimanual/PPI_Bimanual.md,03_Bimanual,PPI_Bimanual.pdf,[[00_Paper_Pool/PDFs/03_Bimanual/PPI_Bimanual.pdf]],https://www.roboticsproceedings.org/rss21/p160.pdf,,,Conference OA,Unconfirmed,No,08472b86306f2cf55030138811b20de2114cb89bdfad39909c3f90585b1b9b26,6153784,11
02_Papers/03_Bimanual/RDT-1B.md,03_Bimanual,RDT-1B.pdf,[[00_Paper_Pool/PDFs/03_Bimanual/RDT-1B.pdf]],https://proceedings.iclr.cc/paper_files/paper/2025/file/49f80e4d2471ad4f2edf4f5f1ab62339-Paper-Conference.pdf,,,Conference OA,Unconfirmed,No,39957ddb2a58dc0b82daf79b222900ad6b3a3d0ae46f6ce274c53737d9da37ff,9585193,28
02_Papers/03_Bimanual/Reactive_Multiarm_Coordination.md,03_Bimanual,,,,,,,Unconfirmed,No,,0,0
02_Papers/03_Bimanual/Rethinking_Bimanual_Robotic_Manipulation_Learning_with_Decoupled_Interaction_Framework.md,03_Bimanual,Rethinking_Bimanual_Robotic_Manipulation_Learning_with_Decoupled_Interaction_Framework.pdf,[[00_Paper_Pool/PDFs/03_Bimanual/Rethinking_Bimanual_Robotic_Manipulation_Learning_with_Decoupled_Interaction_Framework.pdf]],https://openaccess.thecvf.com/content/ICCV2025/papers/Jiang_Rethinking_Bimanual_Robotic_Manipulation_Learning_with_Decoupled_Interaction_Framework_ICCV_2025_paper.pdf,,,Conference OA,Unconfirmed,No,018411de860aff53fbc4cc48e59635373ff34b22b52d81076315fa3438cad03a,2109785,11
02_Papers/03_Bimanual/SafeBimanual.md,03_Bimanual,SafeBimanual.pdf,[[00_Paper_Pool/PDFs/03_Bimanual/SafeBimanual.pdf]],https://raw.githubusercontent.com/mlresearch/v305/main/assets/deng25c/deng25c.pdf,,,Conference OA,Unconfirmed,No,7edcf7c37c41a82dd13284fd9c1d7f1dc1913bbb1faf9a237c019837eaaf3426,10162999,21
02_Papers/03_Bimanual/TwinVLA.md,03_Bimanual,TwinVLA.pdf,[[00_Paper_Pool/PDFs/03_Bimanual/TwinVLA.pdf]],https://proceedings.iclr.cc/paper_files/paper/2026/file/65475a59e2a2cb707c9462e8a308e980-Paper-Conference.pdf,,,Conference OA,Unconfirmed,No,13a9b6ccf39f82e0c5469bb4db455c0130ac26805c3882c7c60a638cd2c5943e,11451730,27
02_Papers/03_Bimanual/VoxAct-B.md,03_Bimanual,VoxAct-B.pdf,[[00_Paper_Pool/PDFs/03_Bimanual/VoxAct-B.pdf]],https://raw.githubusercontent.com/mlresearch/v270/main/assets/liu25i/liu25i.pdf,,,Conference OA,Unconfirmed,No,de20236eea1342a3cbceed0d7784655019f38aac999effb980b121dbfcfc29c4,4983491,17
02_Papers/03_Bimanual/YOTO.md,03_Bimanual,YOTO.pdf,[[00_Paper_Pool/PDFs/03_Bimanual/YOTO.pdf]],https://www.roboticsproceedings.org/rss21/p149.pdf,,,Conference OA,Unconfirmed,No,a1065eb98fe1c4d5a14491823dd26b01ae76d16b9da8d4d3e8797fed8243893d,15312933,22
02_Papers/04_Dexterous/Cross-Embodiment_Dexterous_Grasping_with_Reinforcement_Learning.md,04_Dexterous,Cross-Embodiment_Dexterous_Grasping_with_Reinforcement_Learning.pdf,[[00_Paper_Pool/PDFs/04_Dexterous/Cross-Embodiment_Dexterous_Grasping_with_Reinforcement_Learning.pdf]],https://proceedings.iclr.cc/paper_files/paper/2025/file/ca8c6f28d8ba1e732e3f217ab05c4ec0-Paper-Conference.pdf,,,Conference OA,Unconfirmed,No,a87840a83273b838be152b6695af27642e27048539ec0f2a9f3b1cd816199a33,5591000,22
02_Papers/04_Dexterous/DexHandDiff.md,04_Dexterous,DexHandDiff.pdf,[[00_Paper_Pool/PDFs/04_Dexterous/DexHandDiff.pdf]],https://openaccess.thecvf.com/content/CVPR2025/papers/Liang_DexHandDiff_Interaction-aware_Diffusion_Planning_for_Adaptive_Dexterous_Manipulation_CVPR_2025_paper.pdf,,,Conference OA,Unconfirmed,No,29c4c09430581b0eaaeebea10ece7d2983876e14de40aefc8353bbc379a5d466,1725675,11
02_Papers/04_Dexterous/DextER.md,04_Dexterous,DextER.pdf,[[00_Paper_Pool/PDFs/04_Dexterous/DextER.pdf]],https://openaccess.thecvf.com/content/CVPR2026/papers/Lee_DextER_Language-driven_Dexterous_Grasp_Generation_with_Embodied_Reasoning_CVPR_2026_paper.pdf,,,Conference OA,Unconfirmed,No,bbb7fcd76300b803ebbfba56df2c915f5335ee44feb6382d192445106a3840cf,2840390,11
02_Papers/04_Dexterous/Dexterous_Grasp_Transformer.md,04_Dexterous,Dexterous_Grasp_Transformer.pdf,[[00_Paper_Pool/PDFs/04_Dexterous/Dexterous_Grasp_Transformer.pdf]],https://openaccess.thecvf.com/content/CVPR2024/papers/Xu_Dexterous_Grasp_Transformer_CVPR_2024_paper.pdf,,,Conference OA,Unconfirmed,No,fd1203a77fc21e3e29eb34ff5f755d960394e2ff514db164a82fc5f73b2ad7a2,5162574,10
02_Papers/04_Dexterous/Dexterous_Manipulation_Transfer_via_Progressive_Kinematic-Dynamic_Alignment.md,04_Dexterous,Dexterous_Manipulation_Transfer_via_Progressive_Kinematic-Dynamic_Alignment.pdf,[[00_Paper_Pool/PDFs/04_Dexterous/Dexterous_Manipulation_Transfer_via_Progressive_Kinematic-Dynamic_Alignment.pdf]],https://ojs.aaai.org/index.php/AAAI/article/download/38874/42836,10.1609/aaai.v40i22.38874,,Conference OA,Unconfirmed,No,e75697340ecf8ed86929aa169295fdcb4fc09811e99ace6ce0a77cbc1e08dbb0,5510796,9
02_Papers/04_Dexterous/DexTrack.md,04_Dexterous,DexTrack.pdf,[[00_Paper_Pool/PDFs/04_Dexterous/DexTrack.pdf]],https://proceedings.iclr.cc/paper_files/paper/2025/file/d5a1f97d2b922da92e880d13b7d2bf02-Paper-Conference.pdf,,,Conference OA,Unconfirmed,No,f1d3fabebcd8b47d12385675bc8c791380f22ca4297ef194000e10ecbd8352ea,14908710,25
02_Papers/04_Dexterous/DexUMI.md,04_Dexterous,DexUMI.pdf,[[00_Paper_Pool/PDFs/04_Dexterous/DexUMI.pdf]],https://raw.githubusercontent.com/mlresearch/v305/main/assets/xu25a/xu25a.pdf,,,Conference OA,Unconfirmed,No,ad186455d2e1294ad4ee16343dc0573f69bf08da3064808cd29afc41d9990578,12317844,28
02_Papers/04_Dexterous/DexVLG.md,04_Dexterous,DexVLG.pdf,[[00_Paper_Pool/PDFs/04_Dexterous/DexVLG.pdf]],https://openaccess.thecvf.com/content/ICCV2025/papers/He_DexVLG_Dexterous_Vision-Language-Grasp_Model_at_Scale_ICCV_2025_paper.pdf,,,Conference OA,Unconfirmed,No,15a56cbc6ac6c0573f3ebd66101f77a6865f10fde379309fc807aaca1b33b93a,49887957,11
02_Papers/04_Dexterous/LatentHOI.md,04_Dexterous,LatentHOI.pdf,[[00_Paper_Pool/PDFs/04_Dexterous/LatentHOI.pdf]],https://openaccess.thecvf.com/content/CVPR2025/papers/Li_LatentHOI_On_the_Generalizable_Hand_Object_Motion_Generation_with_Latent_CVPR_2025_paper.pdf,,,Conference OA,Unconfirmed,No,b09eb7e3c9abd3a47ff76026a5f079c5932e499585675e83dfbae67ff06a0543,9044062,10
02_Papers/04_Dexterous/Learning_Object-Centric_Motion_Priors_from_Human_for_Robotic_Dexterous_Manipulation.md,04_Dexterous,Learning_Object-Centric_Motion_Priors_from_Human_for_Robotic_Dexterous_Manipulation.pdf,[[00_Paper_Pool/PDFs/04_Dexterous/Learning_Object-Centric_Motion_Priors_from_Human_for_Robotic_Dexterous_Manipulation.pdf]],https://ojs.aaai.org/index.php/AAAI/article/download/38892/42854,,,Conference OA,Unconfirmed,No,a4a3864f1e2889bfcd11da342112c7517f834aa59230dd973ef944b50f1d909b,18963604,9
02_Papers/04_Dexterous/Scaffolding_Dexterous_Manipulation_with_Vision-Language_Models.md,04_Dexterous,Scaffolding_Dexterous_Manipulation_with_Vision-Language_Models.pdf,[[00_Paper_Pool/PDFs/04_Dexterous/Scaffolding_Dexterous_Manipulation_with_Vision-Language_Models.pdf]],https://proceedings.neurips.cc/paper_files/paper/2025/file/862644b156e51c35dea5a7446d640b14-Paper-Conference.pdf,10.52202/085713-3121,,Conference OA,Unconfirmed,No,b4355543dd82bea8c984a18e57a4b4b7c5a0af7230af043bafe13a13d5585ea9,2478080,36
02_Papers/04_Dexterous/State_Action_Transferability.md,04_Dexterous,,,,,,,Unconfirmed,No,,0,0
02_Papers/04_Dexterous/Towards_Affordance-Aware_Robotic_Dexterous_Grasping_with_Human-like_Priors.md,04_Dexterous,Towards_Affordance-Aware_Robotic_Dexterous_Grasping_with_Human-like_Priors.pdf,[[00_Paper_Pool/PDFs/04_Dexterous/Towards_Affordance-Aware_Robotic_Dexterous_Grasping_with_Human-like_Priors.pdf]],https://ojs.aaai.org/index.php/AAAI/article/download/38313/42275,10.1609/aaai.v40i15.38313,,Conference OA,Unconfirmed,No,0ab87402d849d42656307a590212b5ed6f3d64c125e8c8973065ef80642ca262,9110423,9
02_Papers/04_Dexterous/UniDex.md,04_Dexterous,UniDex.pdf,[[00_Paper_Pool/PDFs/04_Dexterous/UniDex.pdf]],https://openaccess.thecvf.com/content/CVPR2026/papers/Zhang_UniDex_A_Robot_Foundation_Suite_for_Universal_Dexterous_Hand_Control_CVPR_2026_paper.pdf,,,Conference OA,Unconfirmed,No,3aa971497dab4eec31a55bbac9cb7baca71031937ab40b5493e407d1650561cc,11975734,12
02_Papers/04_Dexterous/UniGraspTransformer.md,04_Dexterous,UniGraspTransformer.pdf,[[00_Paper_Pool/PDFs/04_Dexterous/UniGraspTransformer.pdf]],https://openaccess.thecvf.com/content/CVPR2025/papers/Wang_UniGraspTransformer_Simplified_Policy_Distillation_for_Scalable_Dexterous_Robotic_Grasping_CVPR_2025_paper.pdf,,,Conference OA,Unconfirmed,No,ffea5eb1a0ff6bd2f296e96a0e36a4dafb8ca5de41d8c6ae9371e9c5495d4856,1658683,10
02_Papers/05_Sim2Real/Generalizable_Domain_Adaptation_for_Sim-and-Real_Policy_Co-Training.md,05_Sim2Real,Generalizable_Domain_Adaptation_for_Sim-and-Real_Policy_Co-Training.pdf,[[00_Paper_Pool/PDFs/05_Sim2Real/Generalizable_Domain_Adaptation_for_Sim-and-Real_Policy_Co-Training.pdf]],https://proceedings.neurips.cc/paper_files/paper/2025/file/1185c89347a3f21ffc48c9d083c9437c-Paper-Conference.pdf,10.52202/085713-0399,,Conference OA,Unconfirmed,No,b678ba1b323b8d72bdd56c76f0df82551ad16194c34e593011c2918b05924109,3320657,29
02_Papers/05_Sim2Real/Rapidly_Adapting_Policies_to_the_Real-World_via_Simulation-Guided_Fine-Tuning.md,05_Sim2Real,Rapidly_Adapting_Policies_to_the_Real-World_via_Simulation-Guided_Fine-Tuning.pdf,[[00_Paper_Pool/PDFs/05_Sim2Real/Rapidly_Adapting_Policies_to_the_Real-World_via_Simulation-Guided_Fine-Tuning.pdf]],https://proceedings.iclr.cc/paper_files/paper/2025/file/e68274fc4f158dbcbd4dddc672f7ee9c-Paper-Conference.pdf,,,Conference OA,Unconfirmed,No,c621caefd8ff19175e543ca465dc83861431bb2a717cc53fc4cf3f14f1ac93cd,12073941,22
02_Papers/05_Sim2Real/Sim-to-Real_Reinforcement_Learning_for_Vision-Based_Dexterous_Manipulation_on_Humanoids.md,05_Sim2Real,Sim-to-Real_Reinforcement_Learning_for_Vision-Based_Dexterous_Manipulation_on_Humanoids.pdf,[[00_Paper_Pool/PDFs/05_Sim2Real/Sim-to-Real_Reinforcement_Learning_for_Vision-Based_Dexterous_Manipulation_on_Humanoids.pdf]],https://raw.githubusercontent.com/mlresearch/v305/main/assets/lin25c/lin25c.pdf,,,Conference OA,Unconfirmed,No,0963dcbb28b300302b1214bcadde88ce56b5cb16fe8f70a576a629d68dc08ae5,13942328,15
02_Papers/05_Sim2Real/Sim2Real-VLA.md,05_Sim2Real,Sim2Real-VLA.pdf,[[00_Paper_Pool/PDFs/05_Sim2Real/Sim2Real-VLA.pdf]],https://edem-ai.github.io/sim2realvla.github.io/static/paper/Sim2Real_VLA1_2025.pdf,,,Project/Author,Unconfirmed,No,9beb1a309f2c691a1ff355403d68b12a03d6ff6e2f78b25beb4954b363d1e2fb,22938995,26
02_Papers/06_Diffusion_Flow_IL_RL/3D_Diffuser_Actor.md,06_Diffusion_Flow_IL_RL,3D_Diffuser_Actor.pdf,[[00_Paper_Pool/PDFs/06_Diffusion_Flow_IL_RL/3D_Diffuser_Actor.pdf]],https://raw.githubusercontent.com/mlresearch/v270/main/assets/ke25a/ke25a.pdf,,,Conference OA,Unconfirmed,No,1a94bac493cfaf57c185bc0579cf13ad34b93f59ab431cde6e8c6867bb96eea3,3378628,26
02_Papers/06_Diffusion_Flow_IL_RL/Action_Chunking_and_Data_Augmentation_Yield_Exponential_Improvements_in_Behavior_Cloning_f.md,06_Diffusion_Flow_IL_RL,Action_Chunking_and_Data_Augmentation_Yield_Exponential_Improvements_in_Behavior_Cloning_f.pdf,[[00_Paper_Pool/PDFs/06_Diffusion_Flow_IL_RL/Action_Chunking_and_Data_Augmentation_Yield_Exponential_Improvements_in_Behavior_Cloning_f.pdf]],https://proceedings.iclr.cc/paper_files/paper/2026/file/cd96cb9a239c37b39dbf34f3f5a4c56f-Paper-Conference.pdf,,,Conference OA,Unconfirmed,No,d695594b3ae08a7f3f2a6a1a0fff0d7261999b9e07642434e39f01ff9f3ba92e,8282177,54
02_Papers/06_Diffusion_Flow_IL_RL/AR-VRM.md,06_Diffusion_Flow_IL_RL,AR-VRM.pdf,[[00_Paper_Pool/PDFs/06_Diffusion_Flow_IL_RL/AR-VRM.pdf]],https://openaccess.thecvf.com/content/ICCV2025/papers/Yang_AR-VRM_Imitating_Human_Motions_for_Visual_Robot_Manipulation_with_Analogical_ICCV_2025_paper.pdf,,,Conference OA,Unconfirmed,No,6594f95ff34650ff8bec14768c8aa8295e1c96e157bdbe88771841327d362a9d,1853555,10
02_Papers/06_Diffusion_Flow_IL_RL/AutoCGP.md,06_Diffusion_Flow_IL_RL,AutoCGP.pdf,[[00_Paper_Pool/PDFs/06_Diffusion_Flow_IL_RL/AutoCGP.pdf]],https://proceedings.iclr.cc/paper_files/paper/2025/file/6eed1e1d5ed52deee53234786998245e-Paper-Conference.pdf,,,Conference OA,Unconfirmed,No,75e6a62862593c9687c5188d528f66a09b79bd8cc6ce8743bc73cbe0894f0bdd,32094605,28
02_Papers/06_Diffusion_Flow_IL_RL/BAKU.md,06_Diffusion_Flow_IL_RL,BAKU.pdf,[[00_Paper_Pool/PDFs/06_Diffusion_Flow_IL_RL/BAKU.pdf]],https://proceedings.neurips.cc/paper_files/paper/2024/file/ff887781480973bd3cb6026feb378d1e-Paper-Conference.pdf,10.52202/079017-4484,,Conference OA,Unconfirmed,No,8b76196002423b22009fcc2f2fb1201396fda1be2ad6ab14253ef09dbeda80ac,7963177,32
02_Papers/06_Diffusion_Flow_IL_RL/Bidirectional_Decoding.md,06_Diffusion_Flow_IL_RL,Bidirectional_Decoding.pdf,[[00_Paper_Pool/PDFs/06_Diffusion_Flow_IL_RL/Bidirectional_Decoding.pdf]],https://proceedings.iclr.cc/paper_files/paper/2025/file/0d78dd998f7b9ac79604d47a2d79bb0d-Paper-Conference.pdf,,,Conference OA,Unconfirmed,No,e71841f7382419219a278d60ca2476b8d8ad798d4978433890da6f779f2af63e,4104630,34
02_Papers/06_Diffusion_Flow_IL_RL/Demystifying_Robot_Diffusion_Policies_Action_Memorization_and_a_Simple_Lookup_Table_Altern.md,06_Diffusion_Flow_IL_RL,Demystifying_Robot_Diffusion_Policies_Action_Memorization_and_a_Simple_Lookup_Table_Altern.pdf,[[00_Paper_Pool/PDFs/06_Diffusion_Flow_IL_RL/Demystifying_Robot_Diffusion_Policies_Action_Memorization_and_a_Simple_Lookup_Table_Altern.pdf]],https://proceedings.iclr.cc/paper_files/paper/2026/file/122ea6470232ee5e79a2649243348005-Paper-Conference.pdf,,,Conference OA,Unconfirmed,No,3fdfd7e1916c97fdd7c008d79d7d62995cde22f24f8070c96032fd62e6ef22f1,49349448,28
02_Papers/06_Diffusion_Flow_IL_RL/Dynamic_Test-Time_Compute_Scaling_in_Control_Policy_Difficulty-Aware_Stochastic_Interpolan.md,06_Diffusion_Flow_IL_RL,Dynamic_Test-Time_Compute_Scaling_in_Control_Policy_Difficulty-Aware_Stochastic_Interpolan.pdf,[[00_Paper_Pool/PDFs/06_Diffusion_Flow_IL_RL/Dynamic_Test-Time_Compute_Scaling_in_Control_Policy_Difficulty-Aware_Stochastic_Interpolan.pdf]],https://proceedings.neurips.cc/paper_files/paper/2025/file/49eadcc4a329fc6b74b9f8a82b78cbc3-Paper-Conference.pdf,10.52202/085713-1714,,Conference OA,Unconfirmed,No,67449b16962d246f1f78f843cba43468f11ecd456df14c131c584e3e825ee02b,5569174,22
02_Papers/06_Diffusion_Flow_IL_RL/EquiBot.md,06_Diffusion_Flow_IL_RL,EquiBot.pdf,[[00_Paper_Pool/PDFs/06_Diffusion_Flow_IL_RL/EquiBot.pdf]],https://raw.githubusercontent.com/mlresearch/v270/main/assets/yang25a/yang25a.pdf,,,Conference OA,Unconfirmed,No,abceb9169f7ca8276eb530913706a383dd14ca3e3ed6d6be6e84fd0438d6fb2e,15082477,21
02_Papers/06_Diffusion_Flow_IL_RL/Equivariant_Diffusion_Policy.md,06_Diffusion_Flow_IL_RL,Equivariant_Diffusion_Policy.pdf,[[00_Paper_Pool/PDFs/06_Diffusion_Flow_IL_RL/Equivariant_Diffusion_Policy.pdf]],https://raw.githubusercontent.com/mlresearch/v270/main/assets/wang25a/wang25a.pdf,,,Conference OA,Unconfirmed,No,e3fd0e63a1711dbc2ba7eff8c2e0bdb612f1e3d6f7f39bb602c55d4734acdadf,47153549,22
02_Papers/06_Diffusion_Flow_IL_RL/ET-SEED.md,06_Diffusion_Flow_IL_RL,ET-SEED.pdf,[[00_Paper_Pool/PDFs/06_Diffusion_Flow_IL_RL/ET-SEED.pdf]],https://proceedings.iclr.cc/paper_files/paper/2025/file/969a11f489c59c50c2cfe8c407c68a9b-Paper-Conference.pdf,,,Conference OA,Unconfirmed,No,64402714d1bac722fe620609d13bb069039898e05678500ea8e0495e63cf5b0f,2297073,19
02_Papers/06_Diffusion_Flow_IL_RL/FlowPolicy.md,06_Diffusion_Flow_IL_RL,FlowPolicy.pdf,[[00_Paper_Pool/PDFs/06_Diffusion_Flow_IL_RL/FlowPolicy.pdf]],https://ojs.aaai.org/index.php/AAAI/article/download/33617/35772,,,Conference OA,Unconfirmed,No,8d5ce277ce722ab53076cde2a0fa2607056f8b726cae9719f8003e239d41b20b,3370029,9
02_Papers/06_Diffusion_Flow_IL_RL/FoAM.md,06_Diffusion_Flow_IL_RL,FoAM.pdf,[[00_Paper_Pool/PDFs/06_Diffusion_Flow_IL_RL/FoAM.pdf]],https://ojs.aaai.org/index.php/AAAI/article/download/38911/42873,,,Conference OA,Unconfirmed,No,e61dfc813140cee6a610e14f55c3d6cadfed57714283526a0c097daec4ab682d,2205007,9
02_Papers/06_Diffusion_Flow_IL_RL/Force_Matched_Visuotactile_IL.md,06_Diffusion_Flow_IL_RL,Force_Matched_Visuotactile_IL.pdf,[[00_Paper_Pool/PDFs/06_Diffusion_Flow_IL_RL/Force_Matched_Visuotactile_IL.pdf]],https://arxiv.org/pdf/2311.01248,,2311.01248,arXiv,arXiv non-exclusive distribution,No,d9e62df9a164f9206ba0c67833cc0ddf643fb8c4c1a74b39bff77e3dbc9d40c9,15959385,14
02_Papers/06_Diffusion_Flow_IL_RL/FreqPolicy.md,06_Diffusion_Flow_IL_RL,FreqPolicy.pdf,[[00_Paper_Pool/PDFs/06_Diffusion_Flow_IL_RL/FreqPolicy.pdf]],https://proceedings.neurips.cc/paper_files/paper/2025/file/282c3318be1b047b7bb5ba94fa4f3231-Paper-Conference.pdf,10.52202/085713-0937,,Conference OA,Unconfirmed,No,052449e621c4765ebba4a2c9fadbafcb8210561ee75f6359094fc536028020b2,7707179,29
02_Papers/06_Diffusion_Flow_IL_RL/Hierarchical_Diffusion_Policy_for_Kinematics-Aware_Multi-Task_Robotic_Manipulation.md,06_Diffusion_Flow_IL_RL,Hierarchical_Diffusion_Policy_for_Kinematics-Aware_Multi-Task_Robotic_Manipulation.pdf,[[00_Paper_Pool/PDFs/06_Diffusion_Flow_IL_RL/Hierarchical_Diffusion_Policy_for_Kinematics-Aware_Multi-Task_Robotic_Manipulation.pdf]],https://openaccess.thecvf.com/content/CVPR2024/papers/Ma_Hierarchical_Diffusion_Policy_for_Kinematics-Aware_Multi-Task_Robotic_Manipulation_CVPR_2024_paper.pdf,,,Conference OA,Unconfirmed,No,bceedd4443b8f089add43c1cdeffe2e94a4f2c990a9a714475d252acdcf0f72a,3154514,10
02_Papers/06_Diffusion_Flow_IL_RL/Learning_Diffusion_Policy_from_Primitive_Skills_for_Robot_Manipulation.md,06_Diffusion_Flow_IL_RL,Learning_Diffusion_Policy_from_Primitive_Skills_for_Robot_Manipulation.pdf,[[00_Paper_Pool/PDFs/06_Diffusion_Flow_IL_RL/Learning_Diffusion_Policy_from_Primitive_Skills_for_Robot_Manipulation.pdf]],https://ojs.aaai.org/index.php/AAAI/article/download/38889/42851,,,Conference OA,Unconfirmed,No,3b9ea43738be1f40c73e79ca100ba8930371174519c2db3f04794307dec0f459,9345234,9
02_Papers/06_Diffusion_Flow_IL_RL/Learning_Robotic_Manipulation_Policies_from_Point_Clouds_with_Conditional_Flow_Matching.md,06_Diffusion_Flow_IL_RL,Learning_Robotic_Manipulation_Policies_from_Point_Clouds_with_Conditional_Flow_Matching.pdf,[[00_Paper_Pool/PDFs/06_Diffusion_Flow_IL_RL/Learning_Robotic_Manipulation_Policies_from_Point_Clouds_with_Conditional_Flow_Matching.pdf]],https://raw.githubusercontent.com/mlresearch/v270/main/assets/chisari25a/chisari25a.pdf,,,Conference OA,Unconfirmed,No,d54ab0032c7993fb8d1b1d9f962818072fbf414f20395966b38ddee43d86a5be,11578937,12
02_Papers/06_Diffusion_Flow_IL_RL/MILES.md,06_Diffusion_Flow_IL_RL,MILES.pdf,[[00_Paper_Pool/PDFs/06_Diffusion_Flow_IL_RL/MILES.pdf]],https://raw.githubusercontent.com/mlresearch/v270/main/assets/papagiannis25a/papagiannis25a.pdf,,,Conference OA,Unconfirmed,No,7ba4a97f372c79c1b7815d82a86e24bc47daa71743c7c8e4d6415e2a2692af62,9196002,20
02_Papers/06_Diffusion_Flow_IL_RL/MimicFunc.md,06_Diffusion_Flow_IL_RL,MimicFunc.pdf,[[00_Paper_Pool/PDFs/06_Diffusion_Flow_IL_RL/MimicFunc.pdf]],https://raw.githubusercontent.com/mlresearch/v305/main/assets/tang25a/tang25a.pdf,,,Conference OA,Unconfirmed,No,6a1345e7d47892d2e4f82602b91c3b6d9a10ca536daa1b34a7eea7b00c6dfa10,10835113,20
02_Papers/06_Diffusion_Flow_IL_RL/PointMapPolicy.md,06_Diffusion_Flow_IL_RL,PointMapPolicy.pdf,[[00_Paper_Pool/PDFs/06_Diffusion_Flow_IL_RL/PointMapPolicy.pdf]],https://proceedings.neurips.cc/paper_files/paper/2025/file/eacc8ae341d15d2c13c02fef88189db3-Paper-Conference.pdf,10.52202/085713-5353,,Conference OA,Unconfirmed,No,2fe450e0dacaa30429446ab7bb76e9a9a2335bc32844b71867e3150148fe22e4,10656854,29
02_Papers/06_Diffusion_Flow_IL_RL/Real-Time_Robot_Execution_with_Masked_Action_Chunking.md,06_Diffusion_Flow_IL_RL,Real-Time_Robot_Execution_with_Masked_Action_Chunking.pdf,[[00_Paper_Pool/PDFs/06_Diffusion_Flow_IL_RL/Real-Time_Robot_Execution_with_Masked_Action_Chunking.pdf]],https://proceedings.iclr.cc/paper_files/paper/2026/file/c35834443b7881e782e52b3519fe27c7-Paper-Conference.pdf,,,Conference OA,Unconfirmed,No,79b8b02cdb190fd6ce4c2c50c665e120845497b9fb01626567c50eea6bc098cb,4725958,19
02_Papers/06_Diffusion_Flow_IL_RL/Robot_Policy_Learning_with_Temporal_Optimal_Transport_Reward.md,06_Diffusion_Flow_IL_RL,Robot_Policy_Learning_with_Temporal_Optimal_Transport_Reward.pdf,[[00_Paper_Pool/PDFs/06_Diffusion_Flow_IL_RL/Robot_Policy_Learning_with_Temporal_Optimal_Transport_Reward.pdf]],https://proceedings.neurips.cc/paper_files/paper/2024/file/dcd297696d0bb304ba426b3c5a679c37-Paper-Conference.pdf,10.52202/079017-3879,,Conference OA,Unconfirmed,No,d5b9248c1e27d4519c2e1becb1ccecc1ae15bf11195c24702b8441dc68112b82,9867611,26
02_Papers/06_Diffusion_Flow_IL_RL/Text-Aware_Diffusion_for_Policy_Learning.md,06_Diffusion_Flow_IL_RL,Text-Aware_Diffusion_for_Policy_Learning.pdf,[[00_Paper_Pool/PDFs/06_Diffusion_Flow_IL_RL/Text-Aware_Diffusion_for_Policy_Learning.pdf]],https://proceedings.neurips.cc/paper_files/paper/2024/file/5227ce00add5aa0a12d1c4ee92fcd2dc-Paper-Conference.pdf,10.52202/079017-1469,,Conference OA,Unconfirmed,No,9f46363f0a23bdde9d44eb27902a9cd6fe4f42d662bb0482aac5e0af37959570,6896305,28
02_Papers/07_Generalization_LongHorizon/Closed-Loop_Visuomotor_Control_with_Generative_Expectation_for_Robotic_Manipulation.md,07_Generalization_LongHorizon,Closed-Loop_Visuomotor_Control_with_Generative_Expectation_for_Robotic_Manipulation.pdf,[[00_Paper_Pool/PDFs/07_Generalization_LongHorizon/Closed-Loop_Visuomotor_Control_with_Generative_Expectation_for_Robotic_Manipulation.pdf]],https://proceedings.neurips.cc/paper_files/paper/2024/file/fad8962279154544ed69bb63eb14d677-Paper-Conference.pdf,10.52202/079017-4411,,Conference OA,Unconfirmed,No,495cc0e42cec79068d837251f03a740c814e1a55fcaf308408b0ff171a52430f,4848288,28
02_Papers/07_Generalization_LongHorizon/Enhancing_LLM_Planning_for_Robotics_Manipulation_through_Hierarchical_Procedural_Knowledge.md,07_Generalization_LongHorizon,Enhancing_LLM_Planning_for_Robotics_Manipulation_through_Hierarchical_Procedural_Knowledge.pdf,[[00_Paper_Pool/PDFs/07_Generalization_LongHorizon/Enhancing_LLM_Planning_for_Robotics_Manipulation_through_Hierarchical_Procedural_Knowledge.pdf]],https://proceedings.neurips.cc/paper_files/paper/2025/file/b94310e1c7ecb79f1a24adc757f1b89b-Paper-Conference.pdf,10.52202/085713-4246,,Conference OA,Unconfirmed,No,2936b6a5350be815f021d70d60c72a43f09760e374b6f16b8974bbc047041e52,6323477,30
02_Papers/07_Generalization_LongHorizon/Gentle_Manipulation_Policy_Learning_via_Demonstrations_from_VLM_Planned_Atomic_Skills.md,07_Generalization_LongHorizon,Gentle_Manipulation_Policy_Learning_via_Demonstrations_from_VLM_Planned_Atomic_Skills.pdf,[[00_Paper_Pool/PDFs/07_Generalization_LongHorizon/Gentle_Manipulation_Policy_Learning_via_Demonstrations_from_VLM_Planned_Atomic_Skills.pdf]],https://ojs.aaai.org/index.php/AAAI/article/download/38955/42917,,,Conference OA,Unconfirmed,No,c605da82213e03b601f324746be1375f5740a736375cbb560807e6273d8f4de9,1624785,9
02_Papers/07_Generalization_LongHorizon/GMAP.md,07_Generalization_LongHorizon,GMAP.pdf,[[00_Paper_Pool/PDFs/07_Generalization_LongHorizon/GMAP.pdf]],https://ojs.aaai.org/index.php/AAAI/article/download/33615/35770,,,Conference OA,Unconfirmed,No,f6e59e1e4f64b4671cddc7e848244a4c6852a922480dd708f79fe4e0dd1a9055,11964734,9
02_Papers/07_Generalization_LongHorizon/HAMSTER.md,07_Generalization_LongHorizon,HAMSTER.pdf,[[00_Paper_Pool/PDFs/07_Generalization_LongHorizon/HAMSTER.pdf]],https://proceedings.iclr.cc/paper_files/paper/2025/file/3bfee3bc6639c36e6e7b058db909f760-Paper-Conference.pdf,,,Conference OA,Unconfirmed,No,c17f17e29601d9e0b43314b616607e3d55ac55428b0e6cb809edf92a49536ac4,6233609,29
02_Papers/07_Generalization_LongHorizon/Instruction-Augmented_Long-Horizon_Planning_Embedding_Grounding_Mechanisms_in_Embodied_Mob.md,07_Generalization_LongHorizon,Instruction-Augmented_Long-Horizon_Planning_Embedding_Grounding_Mechanisms_in_Embodied_Mob.pdf,[[00_Paper_Pool/PDFs/07_Generalization_LongHorizon/Instruction-Augmented_Long-Horizon_Planning_Embedding_Grounding_Mechanisms_in_Embodied_Mob.pdf]],https://ojs.aaai.org/index.php/AAAI/article/download/33610/35765,,,Conference OA,Unconfirmed,No,99ff282d21ad2383554790de2dc8e088c99cf80a25ac899b6d1865aa2abb5698,3924153,9
02_Papers/07_Generalization_LongHorizon/Mitigating_the_Human-Robot_Domain_Discrepancy_in_Visual_Pre-training_for_Robotic_Manipulat.md,07_Generalization_LongHorizon,Mitigating_the_Human-Robot_Domain_Discrepancy_in_Visual_Pre-training_for_Robotic_Manipulat.pdf,[[00_Paper_Pool/PDFs/07_Generalization_LongHorizon/Mitigating_the_Human-Robot_Domain_Discrepancy_in_Visual_Pre-training_for_Robotic_Manipulat.pdf]],https://openaccess.thecvf.com/content/CVPR2025/papers/Zhou_Mitigating_the_Human-Robot_Domain_Discrepancy_in_Visual_Pre-training_for_Robotic_CVPR_2025_paper.pdf,,,Conference OA,Unconfirmed,No,871ee048e14db4b04e14db040c7d7436510da1a986b42eb8bd2073b4ef8b49b3,2812262,11
02_Papers/07_Generalization_LongHorizon/OWMM-Agent.md,07_Generalization_LongHorizon,OWMM-Agent.pdf,[[00_Paper_Pool/PDFs/07_Generalization_LongHorizon/OWMM-Agent.pdf]],https://proceedings.neurips.cc/paper_files/paper/2025/file/bc97207e3979d1cc23109db0be0e8ed2-Paper-Conference.pdf,10.52202/085713-4330,,Conference OA,Unconfirmed,No,288d05095c268b66200cff6b78f9f4231aab26aad761db9e0c28c7722cefb5c3,37734910,30
02_Papers/07_Generalization_LongHorizon/Policy_Decorator.md,07_Generalization_LongHorizon,Policy_Decorator.pdf,[[00_Paper_Pool/PDFs/07_Generalization_LongHorizon/Policy_Decorator.pdf]],https://proceedings.iclr.cc/paper_files/paper/2025/file/45c361d4117d598d4bb6568b407e9ac9-Paper-Conference.pdf,,,Conference OA,Unconfirmed,No,84fecb360d5985675bc06a007a7f8592cc32e88f7b8f15d795c1b5158353c9a1,3775216,36
02_Papers/07_Generalization_LongHorizon/RAM.md,07_Generalization_LongHorizon,RAM.pdf,[[00_Paper_Pool/PDFs/07_Generalization_LongHorizon/RAM.pdf]],https://raw.githubusercontent.com/mlresearch/v270/main/assets/kuang25a/kuang25a.pdf,,,Conference OA,Unconfirmed,No,4a7da2fe43ac8e428126bc90e941f038c83157b6f2e4e0604842b4106efa1cee,8177269,19
02_Papers/07_Generalization_LongHorizon/RGMP.md,07_Generalization_LongHorizon,RGMP.pdf,[[00_Paper_Pool/PDFs/07_Generalization_LongHorizon/RGMP.pdf]],https://ojs.aaai.org/index.php/AAAI/article/download/38539/42501,,,Conference OA,Unconfirmed,No,4ce9c5667285976f713481daa93902ed459c25153eba8c33baf3c12d39424a9b,3004987,9
02_Papers/07_Generalization_LongHorizon/Self-Correcting_Robot_Manipulation_via_Gaussian-Splatted_Foresight.md,07_Generalization_LongHorizon,Self-Correcting_Robot_Manipulation_via_Gaussian-Splatted_Foresight.pdf,[[00_Paper_Pool/PDFs/07_Generalization_LongHorizon/Self-Correcting_Robot_Manipulation_via_Gaussian-Splatted_Foresight.pdf]],https://ojs.aaai.org/index.php/AAAI/article/download/34866/37021,,,Conference OA,Unconfirmed,No,02ddf8018a6914359209cdf6378d114c0796614df160c08483a2c41986de5513,1903259,9
02_Papers/07_Generalization_LongHorizon/SPIRE.md,07_Generalization_LongHorizon,SPIRE.pdf,[[00_Paper_Pool/PDFs/07_Generalization_LongHorizon/SPIRE.pdf]],https://raw.githubusercontent.com/mlresearch/v270/main/assets/zhou25a/zhou25a.pdf,,,Conference OA,Unconfirmed,No,c96ed5c68f1b5eaee3e9a67618ba198e5ca65469fcb778ae74a5e3296531a36f,1830012,25
02_Papers/07_Generalization_LongHorizon/TASTE-Rob.md,07_Generalization_LongHorizon,TASTE-Rob.pdf,[[00_Paper_Pool/PDFs/07_Generalization_LongHorizon/TASTE-Rob.pdf]],https://openaccess.thecvf.com/content/CVPR2025/papers/Zhao_TASTE-Rob_Advancing_Video_Generation_of_Task-Oriented_Hand-Object_Interaction_for_Generalizable_CVPR_2025_paper.pdf,,,Conference OA,Unconfirmed,No,7885bc306f913396277b7118b19cd4164150c65baeac6f5386f1783b77077cb3,5859414,11
"02_Papers/07_Generalization_LongHorizon/Think_Small,_Act_Big.md",07_Generalization_LongHorizon,"Think_Small,_Act_Big.pdf","[[00_Paper_Pool/PDFs/07_Generalization_LongHorizon/Think_Small,_Act_Big.pdf]]",https://openaccess.thecvf.com/content/CVPR2025/papers/Yao_Think_Small_Act_Big_Primitive_Prompt_Learning_for_Lifelong_Robot_CVPR_2025_paper.pdf,,,Conference OA,Unconfirmed,No,a0355c2633a4de383ef92f127fb90d76ee3d303a906b02da464e90d42f753840,5938634,11
02_Papers/07_Generalization_LongHorizon/UniDomain.md,07_Generalization_LongHorizon,UniDomain.pdf,[[00_Paper_Pool/PDFs/07_Generalization_LongHorizon/UniDomain.pdf]],https://proceedings.neurips.cc/paper_files/paper/2025/file/b8358a00e5b870194b974ddf8dd415c3-Paper-Conference.pdf,10.52202/085713-4226,,Conference OA,Unconfirmed,No,f4c81b03b03bc280b7af717e0904392ba27ab2b2804361d93d827f75b14b477f,13545759,46
02_Papers/07_Generalization_LongHorizon/VidBot.md,07_Generalization_LongHorizon,VidBot.pdf,[[00_Paper_Pool/PDFs/07_Generalization_LongHorizon/VidBot.pdf]],https://openaccess.thecvf.com/content/CVPR2025/papers/Chen_VidBot_Learning_Generalizable_3D_Actions_from_In-the-Wild_2D_Human_Videos_CVPR_2025_paper.pdf,,,Conference OA,Unconfirmed,No,f9f3f29244506f22fc08308fed7afa3977ca4af887c9b8c2cbc651bb94bed4bf,8726664,12
02_Papers/08_Data_Teleoperation/DexCap.md,08_Data_Teleoperation,DexCap.pdf,[[00_Paper_Pool/PDFs/08_Data_Teleoperation/DexCap.pdf]],https://roboticsproceedings.org/rss20/p043.pdf,,,Conference OA,Unconfirmed,No,67db2e72a9e2fb3a607e313dae3f8e0e53db313ad7cf8ef1aac8852c3cc79b3c,23294408,20
02_Papers/08_Data_Teleoperation/DynScene.md,08_Data_Teleoperation,DynScene.pdf,[[00_Paper_Pool/PDFs/08_Data_Teleoperation/DynScene.pdf]],https://openaccess.thecvf.com/content/CVPR2025/papers/Lee_DynScene_Scalable_Generation_of_Dynamic_Robotic_Manipulation_Scenes_for_Embodied_CVPR_2025_paper.pdf,,,Conference OA,Unconfirmed,No,e489d02d5e0ed28b8b7b6d910c1893bcba9a7a4dbb838728c48adc2dae898515,2580792,10
02_Papers/08_Data_Teleoperation/Latent_Action_Pretraining_from_Videos.md,08_Data_Teleoperation,Latent_Action_Pretraining_from_Videos.pdf,[[00_Paper_Pool/PDFs/08_Data_Teleoperation/Latent_Action_Pretraining_from_Videos.pdf]],https://proceedings.iclr.cc/paper_files/paper/2025/file/45d74e190008c7bff2845ffc8e3facd3-Paper-Conference.pdf,,,Conference OA,Unconfirmed,No,c7f6837e62b259980be9d85014459061da77525f100518f57c36e6d5047bec99,14394093,27
02_Papers/08_Data_Teleoperation/ManiWAV.md,08_Data_Teleoperation,ManiWAV.pdf,[[00_Paper_Pool/PDFs/08_Data_Teleoperation/ManiWAV.pdf]],https://raw.githubusercontent.com/mlresearch/v270/main/assets/liu25c/liu25c.pdf,,,Conference OA,Unconfirmed,No,151b597434416208187bb2f8c4dc2dcabcfdcd1ce3ba2e0f1c52f316b45c7d0b,17904735,16
02_Papers/08_Data_Teleoperation/OPEN_TEACH.md,08_Data_Teleoperation,OPEN_TEACH.pdf,[[00_Paper_Pool/PDFs/08_Data_Teleoperation/OPEN_TEACH.pdf]],https://raw.githubusercontent.com/mlresearch/v270/main/assets/iyer25a/iyer25a.pdf,,,Conference OA,Unconfirmed,No,9ea34baffcca957645c6e91c9c374c6cca6279dc1618dfb5ffeca1ca94675449,6843726,24
02_Papers/08_Data_Teleoperation/Robo2VLM.md,08_Data_Teleoperation,Robo2VLM.pdf,[[00_Paper_Pool/PDFs/08_Data_Teleoperation/Robo2VLM.pdf]],https://proceedings.neurips.cc/paper_files/paper/2025/file/1f467c3e37abf9f86c78f44c6a27ee7c-Paper-Datasets_and_Benchmarks_Track.pdf,10.52202/085713-0733,,Conference OA,Unconfirmed,No,ed3b17281ea3e39d08844882aa033821355d5a16983a90a6ff5d5358c81e16e3,16029358,36
02_Papers/09_Survey_Review/A_Survey_of_Demonstration_Learning.md,09_Survey_Review,A_Survey_of_Demonstration_Learning.pdf,[[00_Paper_Pool/PDFs/09_Survey_Review/A_Survey_of_Demonstration_Learning.pdf]],https://arxiv.org/pdf/2303.11191,10.1016/j.robot.2024.104812,2303.11191,arXiv,CC BY-NC-ND 4.0,No,71701a8b11ac19f3745dc781577c52a305e866e83a592d6e7f58c2f897908d8d,918354,42
02_Papers/09_Survey_Review/A_Survey_of_Embodied_Learning_for_Object-Centric_Robotic_Manipulation.md,09_Survey_Review,A_Survey_of_Embodied_Learning_for_Object-Centric_Robotic_Manipulation.pdf,[[00_Paper_Pool/PDFs/09_Survey_Review/A_Survey_of_Embodied_Learning_for_Object-Centric_Robotic_Manipulation.pdf]],https://link.springer.com/content/pdf/10.1007/s11633-025-1542-8.pdf,10.1007/s11633-025-1542-8,,Other legal OA,Unconfirmed,No,292db762c2da9271b2496e32cb98f6fae3c5d2556aa81c6f9b1d489a618b784c,3327709,39
02_Papers/09_Survey_Review/A_Survey_of_Robot_Learning_for_Bimanual_Manipulation.md,09_Survey_Review,,,,,,,Unconfirmed,No,,0,0
02_Papers/09_Survey_Review/A_Survey_on_Robotics_with_Foundation_Models_Toward_Embodied_AI.md,09_Survey_Review,A_Survey_on_Robotics_with_Foundation_Models_Toward_Embodied_AI.pdf,[[00_Paper_Pool/PDFs/09_Survey_Review/A_Survey_on_Robotics_with_Foundation_Models_Toward_Embodied_AI.pdf]],https://arxiv.org/pdf/2402.02385,,2402.02385,arXiv,CC BY 4.0,Yes,e33b0dc0b87e5468291c79f111e325e12bfb3ed1e41e5755ead0184864d9484e,236816,9
02_Papers/09_Survey_Review/A_Survey_on_Vision-Language-Action_Models_An_Action_Tokenization_Perspective.md,09_Survey_Review,A_Survey_on_Vision-Language-Action_Models_An_Action_Tokenization_Perspective.pdf,[[00_Paper_Pool/PDFs/09_Survey_Review/A_Survey_on_Vision-Language-Action_Models_An_Action_Tokenization_Perspective.pdf]],https://arxiv.org/pdf/2507.01925,,2507.01925,arXiv,arXiv non-exclusive distribution,No,f8a9e5e8902986b7f7673120a33822e2b5b0005f6647f14cb4665947bb7caec0,18948920,70
02_Papers/09_Survey_Review/A_Survey_on_Vision-Language-Action_Models_for_Embodied_AI.md,09_Survey_Review,A_Survey_on_Vision-Language-Action_Models_for_Embodied_AI.pdf,[[00_Paper_Pool/PDFs/09_Survey_Review/A_Survey_on_Vision-Language-Action_Models_for_Embodied_AI.pdf]],https://arxiv.org/pdf/2405.14093,,2405.14093,arXiv,arXiv non-exclusive distribution,No,8f8419e0ec4e0dae9a8ec649db463159cb628359194c6a09223f31e873d35a00,4047091,54
"02_Papers/09_Survey_Review/Dexterous_Hand_towards_Intelligent_Manufacturing_A_Review_of_Technologies,_Trends,_and_Pot.md",09_Survey_Review,,,,,,,Unconfirmed,No,,0,0
02_Papers/09_Survey_Review/Interactive_Imitation_Learning_for_Dexterous_Robotic_Manipulation_Challenges_and_Perspecti.md,09_Survey_Review,Interactive_Imitation_Learning_for_Dexterous_Robotic_Manipulation_Challenges_and_Perspecti.pdf,[[00_Paper_Pool/PDFs/09_Survey_Review/Interactive_Imitation_Learning_for_Dexterous_Robotic_Manipulation_Challenges_and_Perspecti.pdf]],https://arxiv.org/pdf/2506.00098,10.3389/frobt.2025.1682437/full,2506.00098,arXiv,CC BY 4.0,Yes,1dea296a69f78ef618085c0442621e7bfc7f4f414ce2da415e57c311c90596fa,593960,27
02_Papers/09_Survey_Review/Learning_by_Watching.md,09_Survey_Review,Learning_by_Watching.pdf,[[00_Paper_Pool/PDFs/09_Survey_Review/Learning_by_Watching.pdf]],https://arxiv.org/pdf/2402.07127,,2402.07127,arXiv,CC BY 4.0,Yes,f7cc1f3d9ce4f635ace1e38b830e2d67c70c460011e2f2292daed2df80dc3377,2894630,45
02_Papers/09_Survey_Review/Survey_of_Learning-Based_Approaches_for_Robotic_In-Hand_Manipulation.md,09_Survey_Review,Survey_of_Learning-Based_Approaches_for_Robotic_In-Hand_Manipulation.pdf,[[00_Paper_Pool/PDFs/09_Survey_Review/Survey_of_Learning-Based_Approaches_for_Robotic_In-Hand_Manipulation.pdf]],https://arxiv.org/pdf/2401.07915,10.3389/frobt.2024.1455431/full,2401.07915,arXiv,CC BY 4.0,Yes,97c68bd142b2270d9b5861798ec3693cdc01154a21c6f03fe5e2c9810ab76a30,3278398,26
02_Papers/09_Survey_Review/Towards_a_Unified_Understanding_of_Robot_Manipulation_A_Comprehensive_Survey.md,09_Survey_Review,Towards_a_Unified_Understanding_of_Robot_Manipulation_A_Comprehensive_Survey.pdf,[[00_Paper_Pool/PDFs/09_Survey_Review/Towards_a_Unified_Understanding_of_Robot_Manipulation_A_Comprehensive_Survey.pdf]],https://arxiv.org/pdf/2510.10903,,2510.10903,arXiv,CC BY 4.0,Yes,fe9145304862d5dc1360e5a6ee23d521e6d26dae040e40861cafd5afda980c3f,15778878,212
02_Papers/09_Survey_Review/What_Foundation_Models_can_Bring_for_Robot_Learning_in_Manipulation_A_Survey.md,09_Survey_Review,What_Foundation_Models_can_Bring_for_Robot_Learning_in_Manipulation_A_Survey.pdf,[[00_Paper_Pool/PDFs/09_Survey_Review/What_Foundation_Models_can_Bring_for_Robot_Learning_in_Manipulation_A_Survey.pdf]],https://arxiv.org/pdf/2404.18201,10.1177/02783649251390579,2404.18201,arXiv,arXiv non-exclusive distribution,No,7511063b5630f9c3c2deb78944f7bd1cd40e7dbcbfb677fb364fc49eb665897a,3554117,47
02_Papers/10_Benchmark_Dataset/AdaManip.md,10_Benchmark_Dataset,AdaManip.pdf,[[00_Paper_Pool/PDFs/10_Benchmark_Dataset/AdaManip.pdf]],https://proceedings.iclr.cc/paper_files/paper/2025/file/9cd0c57170f48520749d5ae62838241f-Paper-Conference.pdf,,,Conference OA,Unconfirmed,No,2978179d0140b95aa1fa343f9168afa1f2ade5482e5cb878660e6f516883b58f,10455883,16
02_Papers/10_Benchmark_Dataset/BiGym.md,10_Benchmark_Dataset,BiGym.pdf,[[00_Paper_Pool/PDFs/10_Benchmark_Dataset/BiGym.pdf]],https://raw.githubusercontent.com/mlresearch/v270/main/assets/chernyadev25a/chernyadev25a.pdf,,,Conference OA,Unconfirmed,No,8ff19453a07657f9985039955f82e9fe3778f7ece61cf30a5362435a6a3002b3,4166453,17
02_Papers/10_Benchmark_Dataset/DexH2R.md,10_Benchmark_Dataset,DexH2R.pdf,[[00_Paper_Pool/PDFs/10_Benchmark_Dataset/DexH2R.pdf]],https://openaccess.thecvf.com/content/ICCV2025/papers/Wang_DexH2R_A_Benchmark_for_Dynamic_Dexterous_Grasping_in_Human-to-Robot_Handover_ICCV_2025_paper.pdf,,,Conference OA,Unconfirmed,No,de3ecdfc9297d075aa108589643c89a792b2879520fd50591db316d217350ff3,15396429,11
02_Papers/10_Benchmark_Dataset/DROID.md,10_Benchmark_Dataset,DROID.pdf,[[00_Paper_Pool/PDFs/10_Benchmark_Dataset/DROID.pdf]],https://roboticsproceedings.org/rss20/p120.pdf,,,Conference OA,Unconfirmed,No,f37321af021aba1d19351a166241db48230b82e85c3fccf2054261fd46ca339a,4160650,13
02_Papers/10_Benchmark_Dataset/Open_X-Embodiment.md,10_Benchmark_Dataset,Open_X-Embodiment.pdf,[[00_Paper_Pool/PDFs/10_Benchmark_Dataset/Open_X-Embodiment.pdf]],https://arxiv.org/pdf/2310.08864,,2310.08864,arXiv,CC BY 4.0,Yes,13f16aff5afdee583dc25b3c570e9bb0cf6baefb59b539928d919588cd8d9246,4011306,12
02_Papers/10_Benchmark_Dataset/Point_Cloud_Matters.md,10_Benchmark_Dataset,Point_Cloud_Matters.pdf,[[00_Paper_Pool/PDFs/10_Benchmark_Dataset/Point_Cloud_Matters.pdf]],https://proceedings.neurips.cc/paper_files/paper/2024/file/8e5dc5969a6174fcaaececd890c7f59b-Paper-Datasets_and_Benchmarks_Track.pdf,10.52202/079017-2473,,Conference OA,Unconfirmed,No,fc4bcb8965c72eeb824416c6eaa27862bc71bf4d9d691f76930eeea5b557c8a7,7881149,32
02_Papers/10_Benchmark_Dataset/RoboCasa.md,10_Benchmark_Dataset,RoboCasa.pdf,[[00_Paper_Pool/PDFs/10_Benchmark_Dataset/RoboCasa.pdf]],https://www.roboticsproceedings.org/rss20/p050.pdf,10.15607/RSS.2024.XX.050,,Conference OA,Unconfirmed,No,ffad4c8fb66bbeb11ffb89f1a9e999ae73f83e84c126373aebbfe7f5f95630a5,21715835,16
02_Papers/10_Benchmark_Dataset/RoboTwin.md,10_Benchmark_Dataset,RoboTwin.pdf,[[00_Paper_Pool/PDFs/10_Benchmark_Dataset/RoboTwin.pdf]],https://openaccess.thecvf.com/content/CVPR2025/papers/Mu_RoboTwin_Dual-Arm_Robot_Benchmark_with_Generative_Digital_Twins_CVPR_2025_paper.pdf,,,Conference OA,Unconfirmed,No,ed4fbd32f89e40d3610dc1e0da42d7e22222e0eedf50bb81965cd4b5c5ba80dc,8072840,12
02_Papers/10_Benchmark_Dataset/SurgicAI.md,10_Benchmark_Dataset,SurgicAI.pdf,[[00_Paper_Pool/PDFs/10_Benchmark_Dataset/SurgicAI.pdf]],https://proceedings.neurips.cc/paper_files/paper/2024/file/74c4f2b87b7499d365422152c76fd916-Paper-Datasets_and_Benchmarks_Track.pdf,10.52202/079017-2037,,Conference OA,Unconfirmed,No,a25f6c1b99025595b9287dee0f4b8dec482ef7f85a906b7ab36dba179ff13a08,12011622,19
02_Papers/10_Benchmark_Dataset/TACO.md,10_Benchmark_Dataset,TACO.pdf,[[00_Paper_Pool/PDFs/10_Benchmark_Dataset/TACO.pdf]],https://openaccess.thecvf.com/content/CVPR2024/papers/Liu_TACO_Benchmarking_Generalizable_Bimanual_Tool-ACtion-Object_Understanding_CVPR_2024_paper.pdf,,,Conference OA,Unconfirmed,No,15e3e0558c12715833f02b8585dc320e552156cab29cab980859c74cd53311c7,7391077,12
02_Papers/10_Benchmark_Dataset/THE_COLOSSEUM.md,10_Benchmark_Dataset,THE_COLOSSEUM.pdf,[[00_Paper_Pool/PDFs/10_Benchmark_Dataset/THE_COLOSSEUM.pdf]],https://www.roboticsproceedings.org/rss20/p133.pdf,,,Conference OA,Unconfirmed,No,b86476237de8c4e9fb2016732a97176415f6594dfb995966de95a47ab19e2747,16068895,15
02_Papers/10_Benchmark_Dataset/VTDexManip.md,10_Benchmark_Dataset,VTDexManip.pdf,[[00_Paper_Pool/PDFs/10_Benchmark_Dataset/VTDexManip.pdf]],https://proceedings.iclr.cc/paper_files/paper/2025/file/e19b6f65791e350347bcff8a3955cb5b-Paper-Conference.pdf,,,Conference OA,Unconfirmed,No,2b7cfb1052430c62260782a8be21ee1366e8983924a649d6361f619bf06161ad,8677836,26
